competencia;caixa;campo;valor
38961;39022;albacora;119928181,7
38961;39022;albacora leste;197524946,3
38961;39022;barracuda;230091216,9
38961;39022;canto do amaro;8350953,316
38961;39022;carapeba;254913,9134
38961;39022;caratinga;180976326,5
38961;39022;carmopolis;5216507,059
38961;39022;cherne;103735,8899
38961;39022;fazenda alegre;267990,1237
38961;39022;leste do urucu;11006707,98
38961;39022;marimba;8462262,914
38961;39022;marlim;751774526
38961;39022;marlim sul;257722866,8
38961;39022;miranga;2115602,138
38961;39022;namorado;9849608,15
38961;39022;pampo;1697811,796
38961;39022;pilar;149965,3847
38961;39022;rio urucu;4984254,883
38961;39022;roncador;73971096,49
39052;39114;albacora;148206311,2
39052;39114;albacora leste;199292194,1
39052;39114;barracuda;180594473,5
39052;39114;canto do amaro;7675741,746
39052;39114;carapeba;1724996,726
39052;39114;caratinga;113862343,7
39052;39114;carmopolis;5197543,805
39052;39114;fazenda alegre;271999,9987
39052;39114;leste do urucu;9452212,903
39052;39114;marimba;6749361,476
39052;39114;marlim;565796885,6
39052;39114;marlim sul;219865947,1
39052;39114;miranga;1398481,904
39052;39114;namorado;7221319,295
39052;39114;pampo;1442268,747
39052;39114;rio urucu;4751583,873
39052;39114;roncador;55474770,29
39142;39203;albacora;149373720,7
39142;39203;albacora leste;250645142,3
39142;39203;barracuda;204745187,6
39142;39203;canto do amaro;9187142,71
39142;39203;carapeba;1389199,701
39142;39203;caratinga;115471415,1
39142;39203;carmopolis;7042418,334
39142;39203;cherne;1370831,415
39142;39203;espadarte;4391213,315
39142;39203;fazenda alegre;397000,0174
39142;39203;jubarte;5065422,433
39142;39203;leste do urucu;11063615,91
39142;39203;marimba;9859160,816
39142;39203;marlim;710293725,8
39142;39203;marlim sul;244908078,4
39142;39203;miranga;1166644,027
39142;39203;namorado;3841637,916
39142;39203;pampo;2170326,138
39142;39203;rio urucu;4231823,836
39142;39203;roncador;58339061,16
39234;39295;albacora;129086374,2
39234;39295;albacora leste;244902158,8
39234;39295;barracuda;213463934
39234;39295;canto do amaro;10162912,7
39234;39295;carapeba;1742250,627
39234;39295;caratinga;107056448,7
39234;39295;carmopolis;8051983,465
39234;39295;cherne;2752127,622
39234;39295;espadarte;29422770,81
39234;39295;fazenda alegre;74146,4
39234;39295;jubarte;15152173,37
39234;39295;leste do urucu;9788895,948
39234;39295;marimba;13338055,04
39234;39295;marlim;887077349,4
39234;39295;marlim sul;259919287,2
39234;39295;miranga;1000208,092
39234;39295;namorado;1508804,079
39234;39295;pampo;1140289,003
39234;39295;rio urucu;6346095,878
39234;39295;roncador;47166116,48
39326;39387;albacora;105385556
39326;39387;albacora leste;254483765,1
39326;39387;barracuda;255038998,7
39326;39387;canto do amaro;12223058,36
39326;39387;carapeba;1920405,66
39326;39387;caratinga;102047644
39326;39387;carmopolis;8694956,06
39326;39387;cherne;1597392,38
39326;39387;espadarte;45102367,14
39326;39387;jubarte;15603511,12
39326;39387;leste do urucu;9634752,5
39326;39387;marimba;15396347,56
39326;39387;marlim;983115333,5
39326;39387;marlim sul;259734259,6
39326;39387;miranga;1009464,74
39326;39387;namorado;1831638,1
39326;39387;pampo;459484,9
39326;39387;rio urucu;6776693,78
39326;39387;roncador;86474285,98
39417;39479;albacora;124592729,2
39417;39479;albacora leste;252365598,8
39417;39479;barracuda;269186443,2
39417;39479;canto do amaro;12296748,97
39417;39479;carapeba;151686,8256
39417;39479;caratinga;78103582,79
39417;39479;carmopolis;8126272,434
39417;39479;cherne;2141238,884
39417;39479;espadarte;51651092,11
39417;39479;jubarte;17142573,44
39417;39479;leste do urucu;11076408,84
39417;39479;marimba;10582153,31
39417;39479;marlim;1073858058
39417;39479;marlim sul;215340419,4
39417;39479;miranga;702681,9175
39417;39479;namorado;614670,4627
39417;39479;rio urucu;8239341,314
39417;39479;roncador;345201321,6
39508;39569;albacora;128958102
39508;39569;albacora leste;265527932,7
39508;39569;barracuda;311945376
39508;39569;canto do amaro;13814493,78
39508;39569;carapeba;2047434,74
39508;39569;caratinga;71924567,54
39508;39569;carmopolis;9784454,98
39508;39569;cherne;1791857,24
39508;39569;espadarte;64910400,64
39508;39569;golfinho;6693431,1
39508;39569;jubarte;16457338
39508;39569;leste do urucu;16916172,68
39508;39569;marimba;7396829,3
39508;39569;marlim;1393244520
39508;39569;marlim sul;187149513,3
39508;39569;miranga;819556
39508;39569;namorado;1224135,4
39508;39569;pampo;1281228,68
39508;39569;peroa;5166090,04
39508;39569;rio urucu;5114931,6
39508;39569;roncador;784256448,8
39600;39661;albacora;153289529,5
39600;39661;albacora leste;300126672,4
39600;39661;barracuda;303600769,7
39600;39661;canto do amaro;14912045,86
39600;39661;carapeba;1559813,073
39600;39661;caratinga;54300525,89
39600;39661;carmopolis;10069597,63
39600;39661;cherne;1483826,714
39600;39661;espadarte;68285091,37
39600;39661;golfinho;2316785,737
39600;39661;jubarte;7804554,758
39600;39661;leste do urucu;15255763,38
39600;39661;marimba;2830772,45
39600;39661;marlim;1388083221
39600;39661;marlim sul;210713069,8
39600;39661;miranga;645626,9065
39600;39661;pampo;162348,9132
39600;39661;peroa;6350272,019
39600;39661;rio urucu;5639403,673
39600;39661;roncador;1219031919
39692;39753;albacora;51985383,35
39692;39753;albacora leste;156848476,8
39692;39753;barracuda;134145677,5
39692;39753;canto do amaro;6873087,779
39692;39753;caratinga;4776056,884
39692;39753;carmopolis;1709802,642
39692;39753;espadarte;18612873,58
39692;39753;jubarte;3212087,114
39692;39753;leste do urucu;8835113,196
39692;39753;marimba;205915,177
39692;39753;marlim;787307163,3
39692;39753;marlim sul;114824262,6
39692;39753;miranga;421754,3507
39692;39753;peroa;5292747,874
39692;39753;rio urucu;3825197,575
39692;39753;roncador;578974041,8
39783;39845;albacora;47980688,39
39783;39845;albacora leste;91640955,53
39783;39845;barracuda;107581617,1
39783;39845;canto do amaro;5052843,589
39783;39845;caratinga;7716490,018
39783;39845;carmopolis;1073005,791
39783;39845;cherne;320628,0051
39783;39845;espadarte;10954363,89
39783;39845;jubarte;151656,7199
39783;39845;leste do urucu;8025462,805
39783;39845;marimba;200601,2546
39783;39845;marlim;399645195,4
39783;39845;marlim leste;6751425,235
39783;39845;marlim sul;107948131,4
39783;39845;miranga;164656,2694
39783;39845;rio urucu;3176659,671
39783;39845;roncador;599625035,7
39873;39934;albacora;71599307,8
39873;39934;albacora leste;195574599,5
39873;39934;barracuda;140649174,9
39873;39934;canto do amaro;4815495,342
39873;39934;caratinga;15723041,22
39873;39934;carmopolis;4101176,674
39873;39934;cherne;2972823,828
39873;39934;espadarte;15081899,2
39873;39934;golfinho;192,86
39873;39934;jubarte;2645783,878
39873;39934;leste do urucu;9557825,75
39873;39934;marimba;204831,5421
39873;39934;marlim;754904233,4
39873;39934;marlim leste;94725369,06
39873;39934;marlim sul;185867619,6
39873;39934;miranga;3654,034327
39873;39934;rio urucu;5997211,009
39873;39934;roncador;910677218,8
39965;40026;albacora;69582206,89
39965;40026;albacora leste;141089803,1
39965;40026;barracuda;152205140,4
39965;40026;canto do amaro;6174150,597
39965;40026;caratinga;19694612,91
39965;40026;carmopolis;5917975,902
39965;40026;cherne;1652915,18
39965;40026;espadarte;15568618,98
39965;40026;jubarte;3691888,011
39965;40026;leste do urucu;9671776,626
39965;40026;marlim;902335315,1
39965;40026;marlim leste;144700032,9
39965;40026;marlim sul;329233891,1
39965;40026;namorado;603294,8428
39965;40026;rio urucu;6994683,48
39965;40026;roncador;952732984,7
40057;40118;albacora;78881821,43
40057;40118;albacora leste;110124202,1
40057;40118;barracuda;154612052
40057;40118;canto do amaro;6172781,163
40057;40118;caratinga;19244769,22
40057;40118;carmopolis;5310226,022
40057;40118;cherne;2150679,225
40057;40118;espadarte;12815345,94
40057;40118;jubarte;12435024,47
40057;40118;leste do urucu;9809486,349
40057;40118;manati;223638,4541
40057;40118;marlim;1181492992
40057;40118;marlim leste;137630451,5
40057;40118;marlim sul;405305442,6
40057;40118;rio urucu;8792258,986
40057;40118;roncador;926109627,6
40148;40210;albacora;63837646,83
40148;40210;albacora leste;101108991,3
40148;40210;barracuda;147201389,9
40148;40210;canto do amaro;5674055,672
40148;40210;caratinga;21352319,21
40148;40210;carmopolis;5162916,105
40148;40210;cherne;2846045,686
40148;40210;espadarte;7725738,412
40148;40210;golfinho;10061717,81
40148;40210;jubarte;10170919,2
40148;40210;leste do urucu;10761796,44
40148;40210;marimba;64,71
40148;40210;marlim;1428439817
40148;40210;marlim leste;145658910
40148;40210;marlim sul;497331344,3
40148;40210;miranga;3,25
40148;40210;rio urucu;6798817,867
40148;40210;roncador;935765955,8
40238;40299;albacora;63020850,78
40238;40299;albacora leste;88290790,24
40238;40299;barracuda;73852490,63
40238;40299;canto do amaro;4740620,668
40238;40299;carapeba;149,1824534
40238;40299;caratinga;12777444,73
40238;40299;carmopolis;4986533,474
40238;40299;cherne;2586416,472
40238;40299;espadarte;8265569,197
40238;40299;golfinho;21905209,45
40238;40299;jubarte;3905808,7
40238;40299;leste do urucu;12156736,81
40238;40299;manati;4628822,694
40238;40299;marimba;838,8484275
40238;40299;marlim;844801859,4
40238;40299;marlim leste;207657974,9
40238;40299;marlim sul;544425932,1
40238;40299;namorado;101,6346787
40238;40299;pampo;36,33914012
40238;40299;peroa;1608,10507
40238;40299;rio urucu;8473029,682
40238;40299;roncador;977841474,7
40330;40391;albacora;54952069,55
40330;40391;albacora leste;77084652,97
40330;40391;barracuda;128353035,4
40330;40391;canto do amaro;5141064,498
40330;40391;caratinga;13578692,36
40330;40391;carmopolis;4395985,7
40330;40391;cherne;114522,3866
40330;40391;espadarte;2786998,818
40330;40391;golfinho;15759250,69
40330;40391;jubarte;16637755,91
40330;40391;leste do urucu;11413198,84
40330;40391;manati;7668146,376
40330;40391;marlim;352849808,6
40330;40391;marlim leste;169347891
40330;40391;marlim sul;556086271,8
40330;40391;miranga;144036,8448
40330;40391;rio urucu;6874854,724
40330;40391;roncador;891493142,6
40422;40483;albacora;49685165,4
40422;40483;albacora leste;69313257,77
40422;40483;barracuda;131977104,5
40422;40483;canto do amaro;4477364,031
40422;40483;caratinga;22719611,16
40422;40483;carmopolis;4278152,363
40422;40483;cherne;937741,1854
40422;40483;espadarte;4621762,976
40422;40483;golfinho;9185562,207
40422;40483;jubarte;26354882,28
40422;40483;leste do urucu;12250258,86
40422;40483;manati;1722658,141
40422;40483;marlim;369073849,1
40422;40483;marlim leste;306804494,2
40422;40483;marlim sul;648303706,6
40422;40483;miranga;12411,53883
40422;40483;namorado;358893,9381
40422;40483;peroa;458118,9609
40422;40483;rio urucu;4796433,911
40422;40483;roncador;922340913
40513;40575;albacora;42244253,13
40513;40575;albacora leste;74121621,31
40513;40575;barracuda;166325637,7
40513;40575;cachalote;24989555,97
40513;40575;canto do amaro;6874089,748
40513;40575;caratinga;24364806,37
40513;40575;carmopolis;6700173,452
40513;40575;espadarte;1323538,774
40513;40575;frade;1504601,563
40513;40575;golfinho;6129439,363
40513;40575;jubarte;146729936,7
40513;40575;leste do urucu;16676493,13
40513;40575;manati;1153974,247
40513;40575;marlim;537638754,2
40513;40575;marlim leste;434640029
40513;40575;marlim sul;738857884,5
40513;40575;miranga;2419,42
40513;40575;rio urucu;11495716,87
40513;40575;roncador;966440711,8
40603;40664;albacora;68926090,38
40603;40664;albacora leste;23424093,96
40603;40664;barracuda;196975593
40603;40664;cachalote;31640012,74
40603;40664;canto do amaro;7290012,599
40603;40664;carapeba;-11619,2
40603;40664;caratinga;33744928,77
40603;40664;carmopolis;7113076,255
40603;40664;cherne;-4379,49
40603;40664;frade;717301,8198
40603;40664;golfinho;2554732,461
40603;40664;jubarte;196720532,2
40603;40664;leste do urucu;18998142,53
40603;40664;marimba;-5017,69
40603;40664;marlim;691460291,5
40603;40664;marlim leste;401899912,2
40603;40664;marlim sul;773831420
40603;40664;namorado;56035,74424
40603;40664;pampo;39172,69674
40603;40664;peroa;1608555,477
40603;40664;polvo;4688869,8
40603;40664;rio urucu;16218713,51
40603;40664;roncador;1119409985
40695;40756;albacora;76606436,4
40695;40756;albacora leste;21534543,31
40695;40756;barracuda;263248164,3
40695;40756;cachalote;29179732,68
40695;40756;canto do amaro;7975843,389
40695;40756;caratinga;38495763,88
40695;40756;carmopolis;7188144,695
40695;40756;frade;15591603,36
40695;40756;jubarte;251640776,7
40695;40756;leste do urucu;23049011,31
40695;40756;manati;1358168,451
40695;40756;marlim;404700352,1
40695;40756;marlim leste;315109680,8
40695;40756;marlim sul;720810225
40695;40756;peroa;1868602,122
40695;40756;rio urucu;15784822,2
40695;40756;roncador;1059783724
40787;40848;albacora;95201556,39
40787;40848;albacora leste;31296867,33
40787;40848;barracuda;254447633,6
40787;40848;cachalote;24742121,29
40787;40848;canto do amaro;7347954,253
40787;40848;caratinga;25958634,64
40787;40848;carmopolis;7637591,194
40787;40848;frade;12576861,72
40787;40848;jubarte;461326534,2
40787;40848;leste do urucu;22712565,1
40787;40848;lula;17602775,21
40787;40848;manati;1978430,308
40787;40848;marlim;593906450,4
40787;40848;marlim leste;300562774,4
40787;40848;marlim sul;895295576,1
40787;40848;pampo;3061406,788
40787;40848;rio urucu;16830869,85
40787;40848;roncador;1112251613
40878;40940;albacora;86856157,09
40878;40940;albacora leste;51655662,07
40878;40940;barracuda;294059022,2
40878;40940;cachalote;53097244,49
40878;40940;canto do amaro;8869585,407
40878;40940;caratinga;28536755,88
40878;40940;carmopolis;9084415,7
40878;40940;espadarte;1393458,882
40878;40940;frade;1015168,6
40878;40940;jubarte;446529286,9
40878;40940;leste do urucu;22378309,69
40878;40940;lula;35456090,98
40878;40940;manati;3115470,082
40878;40940;marlim;593904832,8
40878;40940;marlim leste;263727468,7
40878;40940;marlim sul;1217676132
40878;40940;pampo;3915769,67
40878;40940;rio urucu;14331954,42
40878;40940;roncador;1003170745
40969;41030;albacora;43728361,28
40969;41030;albacora leste;56339941,62
40969;41030;barracuda;233053715
40969;41030;cachalote;38166331,09
40969;41030;canto do amaro;11239137,77
40969;41030;caratinga;22372429,99
40969;41030;carmopolis;8119611,022
40969;41030;frade;22094,76
40969;41030;jubarte;491966246,5
40969;41030;leste do urucu;24511192,04
40969;41030;lula;96891886,37
40969;41030;manati;6351564,373
40969;41030;marlim;623092245,3
40969;41030;marlim leste;184594482,8
40969;41030;marlim sul;1137160107
40969;41030;pampo;33886,99924
40969;41030;peregrino;1095397,887
40969;41030;rio urucu;16616995,23
40969;41030;roncador;1161126486
41061;41122;albacora;61351033,97
41061;41122;albacora leste;51227731,01
41061;41122;barracuda;256967650,6
41061;41122;cachalote;35995951,66
41061;41122;canto do amaro;12756293
41061;41122;caratinga;33443754,74
41061;41122;carmopolis;7875223,005
41061;41122;jubarte;321233837,5
41061;41122;leste do urucu;24348817,71
41061;41122;lula;195830346,8
41061;41122;manati;6729222,049
41061;41122;marlim;510500940,9
41061;41122;marlim leste;136748459,6
41061;41122;marlim sul;1061919180
41061;41122;pampo;125552,72
41061;41122;peregrino;13808558,21
41061;41122;rio urucu;15781290,39
41061;41122;roncador;928534647,1
41153;41214;albacora;74602470,97
41153;41214;albacora leste;56939188,63
41153;41214;barracuda;240362733,8
41153;41214;cachalote;30947634,28
41153;41214;canto do amaro;12571573,18
41153;41214;caratinga;16784180,03
41153;41214;carmopolis;7908747,506
41153;41214;jubarte;312124382,1
41153;41214;leste do urucu;25600413,58
41153;41214;lula;238325223,3
41153;41214;manati;5734906,498
41153;41214;marlim;497739623,6
41153;41214;marlim leste;204145420,3
41153;41214;marlim sul;1210406194
41153;41214;peregrino;15095612,3
41153;41214;rio urucu;17784117,22
41153;41214;roncador;1211856705
41244;41306;albacora;59545444,06
41244;41306;albacora leste;47804286,4
41244;41306;barracuda;212903828
41244;41306;cachalote;19013669,73
41244;41306;canto do amaro;12476123,39
41244;41306;caratinga;19139968,98
41244;41306;carmopolis;6849466,26
41244;41306;jubarte;370937996,3
41244;41306;leste do urucu;24289035,22
41244;41306;lula;194335666,4
41244;41306;manati;7220933,5
41244;41306;marlim;409061334,4
41244;41306;marlim leste;165857144,4
41244;41306;marlim sul;1173639451
41244;41306;ostra;37680,56
41244;41306;peregrino;768863,42
41244;41306;rio urucu;17825081,59
41244;41306;roncador;943340968,4
41334;41395;albacora;12084926,87
41334;41395;albacora leste;22945124,91
41334;41395;barracuda;166640553,7
41334;41395;cachalote;20423176,45
41334;41395;canto do amaro;12077101,04
41334;41395;caratinga;9874956,89
41334;41395;carmopolis;6295785,59
41334;41395;jubarte;341486853
41334;41395;leste do urucu;22379418,02
41334;41395;lula;151042486,5
41334;41395;manati;2505024,66
41334;41395;marlim;375520825,4
41334;41395;marlim leste;173255108,2
41334;41395;marlim sul;1085542080
41334;41395;peregrino;20360707,78
41334;41395;rio urucu;15910653,43
41334;41395;roncador;962543144,3
41426;41487;albacora;55720808,47
41426;41487;albacora leste;28228420,03
41426;41487;barracuda;197904058,7
41426;41487;bauna;60744858,72
41426;41487;cachalote;19537691,69
41426;41487;canto do amaro;15978958,09
41426;41487;caratinga;10099760,92
41426;41487;carmopolis;7368962,859
41426;41487;jubarte;368953927,4
41426;41487;leste do urucu;26334461,43
41426;41487;lula;302253212,6
41426;41487;manati;6974443,149
41426;41487;marlim;398515807,1
41426;41487;marlim leste;248057115
41426;41487;marlim sul;1174848491
41426;41487;ostra;4454,06
41426;41487;peregrino;68280382,25
41426;41487;rio urucu;17781995,69
41426;41487;roncador;1224733043
41518;41579;albacora;33894805,1
41518;41579;albacora leste;29134543,22
41518;41579;barracuda;168306300
41518;41579;bauna;99157428,92
41518;41579;cachalote;16955359,8
41518;41579;canto do amaro;13962307,98
41518;41579;caratinga;10164025,02
41518;41579;carmopolis;8087548,52
41518;41579;gaviao real;244290,02
41518;41579;jubarte;376091551,3
41518;41579;leste do urucu;24953125,3
41518;41579;lula;357541138,6
41518;41579;manati;6603780,06
41518;41579;marlim;463790303
41518;41579;marlim leste;197928972,2
41518;41579;marlim sul;1212573417
41518;41579;peregrino;53518310,36
41518;41579;rio urucu;20806476,86
41518;41579;roncador;1274811765
41609;41671;albacora;30050795,38
41609;41671;albacora leste;35017817,87
41609;41671;barracuda;168991476,2
41609;41671;bauna;13229822,82
41609;41671;cachalote;11493740,76
41609;41671;canto do amaro;13928219,5
41609;41671;caratinga;4893150,18
41609;41671;carmopolis;8830616,59
41609;41671;gaviao real;5200179,06
41609;41671;jubarte;350512756,2
41609;41671;leste do urucu;30043814,36
41609;41671;lula;583344288
41609;41671;manati;6848922,2
41609;41671;marlim;358734392,6
41609;41671;marlim leste;254269711,1
41609;41671;marlim sul;1142729567
41609;41671;peregrino;28066926,48
41609;41671;rio urucu;20209033,65
41609;41671;roncador;1024865232
41699;41760;albacora;25064508,52
41699;41760;albacora leste;39149604,82
41699;41760;baleia azul;4864856,29
41699;41760;barracuda;150787149,3
41699;41760;bauna;116889275,5
41699;41760;cachalote;7749104,22
41699;41760;canto do amaro;12194512,76
41699;41760;caratinga;9080436,33
41699;41760;carmopolis;7024885,48
41699;41760;jubarte;484252369,5
41699;41760;leste do urucu;27062103,4
41699;41760;lula;394678971,1
41699;41760;manati;6270748,4
41699;41760;marlim;479208829,9
41699;41760;marlim leste;251598762,9
41699;41760;marlim sul;953020170,6
41699;41760;peregrino;55414209,42
41699;41760;rio urucu;13798789,9
41699;41760;roncador;949863034
41699;41760;sapinhoa;43769353,72
41791;41852;albacora;26656569,41
41791;41852;albacora leste;36726636,14
41791;41852;argonauta;7382605,25
41791;41852;baleia azul;19037166,13
41791;41852;baleia franca;6429612,42
41791;41852;barracuda;111330775,6
41791;41852;bauna;106332195
41791;41852;cachalote;4247591,68
41791;41852;canto do amaro;9858741,35
41791;41852;caratinga;16857879,33
41791;41852;carmopolis;5855919,66
41791;41852;jubarte;466953710,8
41791;41852;leste do urucu;24338300,92
41791;41852;lula;597620477,1
41791;41852;manati;6096421,741
41791;41852;marlim;474886394,8
41791;41852;marlim leste;276938501,3
41791;41852;marlim sul;848632495,4
41791;41852;mexilhao;9219430,93
41791;41852;peregrino;51073192,64
41791;41852;rio urucu;13728502,58
41791;41852;roncador;1135484558
41791;41852;sapinhoa;80309228,37
41883;41944;albacora;16720206,08
41883;41944;albacora leste;26159411,48
41883;41944;argonauta;6552313,49
41883;41944;baleia azul;38034478,76
41883;41944;baleia franca;24865545,78
41883;41944;barracuda;61531252,99
41883;41944;bauna;31098914,62
41883;41944;cachalote;3996793,32
41883;41944;canto do amaro;5002628,86
41883;41944;caratinga;9370854,57
41883;41944;carmopolis;1965180,56
41883;41944;jubarte;400303711,7
41883;41944;leste do urucu;19249502,6
41883;41944;lula;558790422,7
41883;41944;manati;5254784,52
41883;41944;marlim;236378907,7
41883;41944;marlim leste;156554778,7
41883;41944;marlim sul;466481781,9
41883;41944;mexilhao;6951675,16
41883;41944;peregrino;25700123,67
41883;41944;rio urucu;8886911,88
41883;41944;roncador;915953405,2
41883;41944;sapinhoa;199255380,8
41974;42036;albacora;5687681,01
41974;42036;albacora leste;64680608,49
41974;42036;baleia azul;17630566,16
41974;42036;baleia franca;1633940,89
41974;42036;barracuda;40174278,1
41974;42036;bauna;13743056,4
41974;42036;canto do amaro;1867868,48
41974;42036;caratinga;6432542,6
41974;42036;carmopolis;229037,85
41974;42036;gaviao real;3404990,34
41974;42036;jubarte;238587744,6
41974;42036;leste do urucu;12343112,47
41974;42036;lula;493612583
41974;42036;manati;4954569,72
41974;42036;marlim;86066851,14
41974;42036;marlim leste;78343942,33
41974;42036;marlim sul;149983620,5
41974;42036;rio urucu;6814092,57
41974;42036;roncador;603967439,6
41974;42036;sapinhoa;140282678,5
42064;42125;albacora;8190339,54
42064;42125;albacora leste;20861580,56
42064;42125;baleia azul;19367651,85
42064;42125;barracuda;71915650,96
42064;42125;bauna;22258959,73
42064;42125;canto do amaro;3412019,28
42064;42125;caratinga;7901603,5
42064;42125;carmopolis;253505,16
42064;42125;gaviao real;2419898,24
42064;42125;jubarte;350875275,2
42064;42125;leste do urucu;15178870,98
42064;42125;lula;606070907,4
42064;42125;manati;5386599,02
42064;42125;marlim;133021835,2
42064;42125;marlim leste;84268424,11
42064;42125;marlim sul;197596944,8
42064;42125;mexilhao;2980588,16
42064;42125;peregrino;109045,6212
42064;42125;rio urucu;7204947,94
42064;42125;roncador;855563708,8
42064;42125;sapinhoa;367133314,9
42156;42217;albacora leste;7493592,89
42156;42217;baleia azul;17038833,64
42156;42217;baleia franca;9774433,91
42156;42217;barracuda;46094591,62
42156;42217;bauna;14849768,11
42156;42217;canto do amaro;1135694,08
42156;42217;caratinga;2462202,37
42156;42217;gaviao real;2029225,16
42156;42217;jubarte;308126108,5
42156;42217;leste do urucu;14499569,96
42156;42217;lula;1022139280
42156;42217;manati;3908232,12
42156;42217;marlim;62142461,89
42156;42217;marlim leste;35686471,58
42156;42217;marlim sul;97893126,39
42156;42217;pampo;22120,06
42156;42217;rio urucu;7100143,96
42156;42217;roncador;598341017,7
42156;42217;sapinhoa;428140629,3
42248;42309;albacora;2093553,44
42248;42309;albacora leste;13868147,02
42248;42309;baleia azul;15199412,1
42248;42309;baleia franca;5656442,24
42248;42309;barracuda;27288072,34
42248;42309;bauna;10091803,59
42248;42309;canto do amaro;222687,72
42248;42309;gaviao real;2241553,82
42248;42309;jubarte;209012122,6
42248;42309;leste do urucu;11662019,38
42248;42309;lula;818963593,9
42248;42309;manati;5412586,752
42248;42309;marlim;74326523,31
42248;42309;marlim leste;19948980,41
42248;42309;marlim sul;36376206,42
42248;42309;mexilhao;616937,9
42248;42309;rio urucu;5056193,66
42248;42309;roncador;403252253,6
42248;42309;sapinhoa;261204205,5
42339;42401;albacora leste;1649795,46
42339;42401;baleia azul;20701305,81
42339;42401;baleia franca;603015,3651
42339;42401;barracuda;4402189,4
42339;42401;bauna;3088548,319
42339;42401;cachalote;271856,41
42339;42401;carmopolis;5972,4
42339;42401;gaviao real;666956,22
42339;42401;jubarte;127799296,5
42339;42401;leste do urucu;8544782,1
42339;42401;lula;674225965,3
42339;42401;manati;5975497,94
42339;42401;rio urucu;5109381,33
42339;42401;roncador;87478142,44
42339;42401;sapinhoa;205292618,2
42430;42491;albacora leste;8342642,86
42430;42491;baleia azul;31315176,7
42430;42491;baleia franca;2986676,44
42430;42491;barracuda;10618439,6
42430;42491;bauna;6865989,3
42430;42491;carmopolis;144230,64
42430;42491;jubarte;244104774
42430;42491;leste do urucu;9145524,72
42430;42491;lula;941391391,9
42430;42491;manati;3483807,68
42430;42491;marlim;141233,48
42430;42491;marlim leste;2508457,06
42430;42491;marlim sul;9988996,92
42430;42491;mexilhao;640310,8
42430;42491;rio urucu;6865912,26
42430;42491;roncador;272825906,9
42430;42491;sapinhoa;355488404,3
42522;42583;albacora leste;11253382,24
42522;42583;baleia azul;22420656,2
42522;42583;baleia franca;5013564,67
42522;42583;barracuda;5675700,72
42522;42583;bauna;4790333,42
42522;42583;canto do amaro;202675,0798
42522;42583;gaviao real;341962,88
42522;42583;jubarte;333142000,2
42522;42583;leste do urucu;7772165,62
42522;42583;lula;86475689,57
42522;42583;manati;2235997,08
42522;42583;marlim;39445026,07
42522;42583;marlim leste;2923598,68
42522;42583;marlim sul;120481247,7
42522;42583;rio urucu;5657649,42
42522;42583;roncador;259002991,3
42614;42675;albacora;2321152,64
42614;42675;albacora leste;12722691,08
42614;42675;baleia azul;25541658,02
42614;42675;baleia franca;7674320,45
42614;42675;barracuda;8262457,13
42614;42675;bauna;2179113,24
42614;42675;gaviao real;446837,8
42614;42675;jubarte;418755875,9
42614;42675;leste do urucu;7776268,18
42614;42675;lula;2161014146
42614;42675;manati;1517310,16
42614;42675;marlim;85705882,69
42614;42675;marlim leste;7947199,66
42614;42675;marlim sul;183041085
42614;42675;mexilhao;4829488,48
42614;42675;rio urucu;9948216,88
42614;42675;roncador;340773079,3
42614;42675;sapinhoa;409179131,8
42705;42767;albacora;28255252,15
42705;42767;albacora leste;10866356,06
42705;42767;baleia azul;24383493,38
42705;42767;baleia franca;10978220,84
42705;42767;barracuda;10477182,95
42705;42767;bauna;750972,26
42705;42767;carmopolis;108512,93
42705;42767;jubarte;398524350,2
42705;42767;leste do urucu;7133760,3
42705;42767;lula;2364561780
42705;42767;manati;1255093,95
42705;42767;marlim;133748804,3
42705;42767;marlim leste;4017826,96
42705;42767;marlim sul;142679829,7
42705;42767;mexilhao;5175556,92
42705;42767;rio urucu;8754472,54
42705;42767;roncador;366480834,6
42705;42767;sapinhoa;591789078,8
42795;42856;albacora;3131628,4
42795;42856;albacora leste;9052126,4
42795;42856;baleia azul;17914608,53
42795;42856;baleia franca;11436351,94
42795;42856;bauna;8073882
42795;42856;jubarte;409692025,1
42795;42856;leste do urucu;6094289,46
42795;42856;lula;2171202970
42795;42856;manati;2085874,38
42795;42856;marlim;34143235,14
42795;42856;marlim leste;446499,79
42795;42856;marlim sul;110286488,2
42795;42856;mexilhao;5478779,46
42795;42856;rio urucu;5890851,26
42795;42856;roncador;244876756,7
42795;42856;sapinhoa;517819437,9
42887;42948;albacora;19,99
42887;42948;albacora leste;7516267,955
42887;42948;baleia azul;17364611,99
42887;42948;baleia franca;2579329,86
42887;42948;barracuda;164997,4021
42887;42948;bauna;5265339,72
42887;42948;caratinga;1394536,168
42887;42948;espadarte;6978352,635
42887;42948;gaviao real;548558,52
42887;42948;jubarte;292514171,8
42887;42948;leste do urucu;7915319,66
42887;42948;lula;2371222392
42887;42948;manati;4827156,9
42887;42948;marlim;77012083,92
42887;42948;marlim leste;89743,84145
42887;42948;marlim sul;154594462,6
42887;42948;mexilhao;792683,76
42887;42948;rio urucu;8905594,86
42887;42948;roncador;279966584,3
42887;42948;sapinhoa;596294487,6
42979;43040;albacora;456538,88
42979;43040;albacora leste;7475124,16
42979;43040;barracuda;7543504,5
42979;43040;baleia azul;18972825,84
42979;43040;baleia franca;16568335,88
42979;43040;caratinga;613334,58
42979;43040;jubarte;437324623,3
42979;43040;leste do urucu;9770260,28
42979;43040;lula;3375076913
42979;43040;manati;5843031,1
42979;43040;marlim;116818939,6
42979;43040;marlim leste;4669291,6
42979;43040;marlim sul;247963592
42979;43040;mexilhao;5308870,32
42979;43040;peregrino;5547078,96
42979;43040;rio urucu;12594530,88
42979;43040;roncador;369713478,4
42979;43040;sapinhoa;763707658,8
43070;43132;albacora;39250142,19
43070;43132;albacora leste;8168624,18
43070;43132;barracuda;20697416,82
43070;43132;baleia azul;10297971,86
43070;43132;baleia franca;16633444,62
43070;43132;carapeba;-88420,6642
43070;43132;cherne;-609802,4548
43070;43132;espadarte;347571,8813
43070;43132;jubarte;519271558,3
43070;43132;leste do urucu;7420039,74
43070;43132;lula;4005019283
43070;43132;manati;3110984,66
43070;43132;marimba;6784540,018
43070;43132;marlim;511110642,8
43070;43132;marlim leste;26123286,44
43070;43132;marlim sul;398981805,9
43070;43132;mexilhao;5116526,04
43070;43132;namorado;843235,8428
43070;43132;pampo;388818,1527
43070;43132;peregrino;18510176,78
43070;43132;rio urucu;13948283,24
43070;43132;roncador;481151190,2
43070;43132;sapinhoa;884217930,2
43160;43221;albacora;4997766,271
43160;43221;albacora leste;113263,04
43160;43221;barracuda;42076430,43
43160;43221;baleia azul;10657628,38
43160;43221;baleia franca;15495335,94
43160;43221;caratinga;1676,77
43160;43221;cherne;3275,646299
43160;43221;espadarte;5205,152717
43160;43221;jubarte;703042568,9
43160;43221;leste do urucu;12875380,56
43160;43221;lula;5252202994
43160;43221;manati;3187036
43160;43221;marimba;247,89
43160;43221;marlim;235130914,5
43160;43221;marlim leste;35298025,68
43160;43221;marlim sul;353586433,8
43160;43221;mexilhao;3118439,36
43160;43221;miranga;256994,62
43160;43221;namorado;829,9203409
43160;43221;pampo;12441,75974
43160;43221;peregrino;40507727,4
43160;43221;rio urucu;17439854,66
43160;43221;roncador;578562083,7
43160;43221;sapinhoa;1008757635
43252;43313;albacora leste;5518296,5
43252;43313;barracuda;53750444,6
43252;43313;baleia azul;11662994,76
43252;43313;baleia franca;24293179,14
43252;43313;jubarte;679955585,5
43252;43313;leste do urucu;15488917,28
43252;43313;lula;5734317988
43252;43313;manati;5060894,88
43252;43313;marlim;177431186,5
43252;43313;marlim leste;60241632,16
43252;43313;marlim sul;344928839,9
43252;43313;peregrino;58767107,7
43252;43313;rio urucu;21791046,58
43252;43313;roncador;385110582,5
43252;43313;sapinhoa;1288780112
43344;43405;albacora leste;2488345,32
43344;43405;barracuda;30696879,97
43344;43405;baleia azul;5184468,99
43344;43405;baleia franca;19125896,88
43344;43405;jubarte;644662734,5
43344;43405;leste do urucu;13272474,1
43344;43405;lula;5362683362
43344;43405;manati;3984115,12
43344;43405;marlim;59512495,88
43344;43405;marlim leste;46989820,26
43344;43405;marlim sul;324315587,9
43344;43405;mexilhao;7738715,3
43344;43405;peregrino;29435895,94
43344;43405;rio urucu;15223440,46
43344;43405;roncador;345615854,8
43344;43405;sapinhoa;1074876587
43435;43497;barracuda;8418840,36
43435;43497;jubarte;2386847914
43435;43497;leste do urucu;9318421,72
43435;43497;lula;4706358561
43435;43497;marlim;29471871,04
43435;43497;marlim leste;3766983,78
43435;43497;marlim sul;264770560,7
43435;43497;mexilhao;4624223,28
43435;43497;peregrino;12654154,64
43435;43497;rio urucu;15780382,87
43435;43497;roncador;282682427,7
43435;43497;sapinhoa;934684745,4
43525;43586;albacora;1241588,42
43525;43586;barracuda;14922818,9
43525;43586;caratinga;15,49
43525;43586;jubarte;955126563,2
43525;43586;leste do urucu;10759971,22
43525;43586;lula;4681601288
43525;43586;marlim;3958424,56
43525;43586;marlim leste;35501259,97
43525;43586;marlim sul;290204499
43525;43586;mexilhao;3927364,8
43525;43586;peregrino;32131296,07
43525;43586;rio urucu;15229101,54
43525;43586;roncador;301383058,5
43525;43586;sapinhoa;1074706316
43525;43586;tartaruga verde;22541288,38
43617;43678;barracuda;8654990,617
43617;43678;jubarte;824968983,4
43617;43678;leste do urucu;10047829,75
43617;43678;lula;4977886276
43617;43678;manati;959755,045
43617;43678;marlim;10312303,21
43617;43678;marlim leste;3666974,304
43617;43678;marlim sul;158004701,8
43617;43678;mexilhao;3081311,985
43617;43678;peregrino;37962833,95
43617;43678;rio urucu;14189100,95
43617;43678;roncador;134513221,8
43617;43678;sapinhoa;877388574,8
43617;43678;tartaruga verde;79494412,89
43709;43770;argonauta;1797090,22
43709;43770;barracuda;3461135,35
43709;43770;jubarte;803439938
43709;43770;leste do urucu;12337131,9
43709;43770;tupi;5990996619
43709;43770;manati;3113996,56
43709;43770;marlim;18486698,44
43709;43770;marlim sul;99985312,09
43709;43770;mexilhao;3194511,48
43709;43770;peregrino;44184030,31
43709;43770;rio urucu;15186710,45
43709;43770;sapinhoa;756744127,3
43709;43770;tartaruga verde;81936993,63
43800;43862;jubarte;778796826,2
43800;43862;leste do urucu;8580246,6
43800;43862;tupi;4265861207
43800;43862;marlim;15353269,68
43800;43862;marlim sul;6668004,94
43800;43862;mexilhao;920738,2
43800;43862;rio urucu;9512108,6
43800;43862;roncador;213234,46
43800;43862;sapinhoa;705487628
43800;43862;tartaruga verde;57997402,83
43891;43952;jubarte;308300498,4
43891;43952;leste do urucu;7090117,04
43891;43952;tupi;2436771365
43891;43952;mexilhao;1101886,48
43891;43952;rio urucu;6176890,04
43891;43952;sapinhoa;311716841,1
43891;43952;tartaruga verde;27538247,44
43983;44044;jubarte;598883096,8
43983;44044;leste do urucu;12356727,62
43983;44044;tupi;4447433570
43983;44044;mexilhao;2443463,32
43983;44044;rio urucu;10793956,42
43983;44044;sapinhoa;426258989,1
43983;44044;tartaruga verde;39110613,07
44075;44136;albacora;104287172,5
44075;44136;barracuda;635589,36
44075;44136;golfinho;-0,004024006
44075;44136;jubarte;590477117,2
44075;44136;leste do urucu;14814797,8
44075;44136;tupi;4158992606
44075;44136;manati;383423,96
44075;44136;marlim sul;136568607,9
44075;44136;mexilhao;2293597,28
44075;44136;rio urucu;16386289,72
44075;44136;sapinhoa;494700762
44075;44136;tartaruga verde;36886630,73
44166;44228;albacora;84369,76495
44166;44228;albacora leste;20394,05367
44166;44228;barracuda;9732109,681
44166;44228;baleia azul;4783,736039
44166;44228;baleia franca;6863,593965
44166;44228;bauna;29981,24039
44166;44228;cachalote;4050,259154
44166;44228;canto do amaro;72308,72454
44166;44228;caratinga;135957,9314
44166;44228;carapeba;1364,751548
44166;44228;carmopolis;18154,60605
44166;44228;espadarte;203,0059156
44166;44228;golfinho;2696,299451
44166;44228;jubarte;1044678175
44166;44228;leste do urucu;25455541,56
44166;44228;tupi;6754501690
44166;44228;manati;142930,8157
44166;44228;marimba;699,309995
44166;44228;marlim;1308276,503
44166;44228;marlim leste;5836834,076
44166;44228;marlim sul;233334493,2
44166;44228;mexilhao;3342906,704
44166;44228;miranga;1257,641552
44166;44228;pampo;162,4631289
44166;44228;peroa;6595,468076
44166;44228;rio urucu;23687308,46
44166;44228;roncador;151507330,1
44166;44228;sapinhoa;1035717019
44166;44228;tartaruga verde;66824413,93
44256;44317;albacora;104287172,5
44256;44317;barracuda;2580907,64
44256;44317;golfinho;-0,004024006
44256;44317;jubarte;742332491,8
44256;44317;leste do urucu;23850944,64
44256;44317;tupi;7395400001
44256;44317;manati;2719285,2
44256;44317;marlim leste;56148686,93
44256;44317;marlim sul;205635658,2
44256;44317;mexilhao;3289284,94
44256;44317;rio urucu;22935687,6
44256;44317;roncador;446561010,1
44256;44317;sapinhoa;1207548992
44256;44317;tartaruga verde;50277640,32
44348;44409;albacora leste;2127773,07
44348;44409;jubarte;942051248,3
44348;44409;leste do urucu;31479880,18
44348;44409;tupi;8187548461
44348;44409;lapa;48273414,45
44348;44409;manati;339840,81
44348;44409;marlim leste;138742257,9
44348;44409;marlim sul;256722455,8
44348;44409;rio urucu;31372191,92
44348;44409;roncador;480165337
44348;44409;sapinhoa;1315288283
44348;44409;tartaruga verde;65507818
44440;44501;barracuda;6524502,33
44440;44501;baleia franca;1792388,25
44440;44501;berbigao;574105,14
44440;44501;bicudo;922056,5477
44440;44501;cachalote;204188,98
44440;44501;canto do amaro;10948,3
44440;44501;caratinga;1391,07
44440;44501;carapeba;336065,68
44440;44501;espadarte;107339836,2
44440;44501;estreito;1770671,608
44440;44501;gaviao caboclo;263807,5
44440;44501;golfinho;1298900,29
44440;44501;jubarte;1207149466
44440;44501;leste do urucu;49295179,08
44440;44501;tupi;9345203636
44440;44501;lapa;42954282,49
44440;44501;manati;655224,79
44440;44501;marimba;1187970,87
44440;44501;marlim;207025,69
44440;44501;marlim leste;116560189,4
44440;44501;marlim sul;363842424,3
44440;44501;mexilhao;1266897,12
44440;44501;miranga;1218491,492
44440;44501;namorado;6210639,02
44440;44501;pilar;-0,00343962
44440;44501;rio urucu;34141608,03
44440;44501;roncador;355055375,9
44440;44501;sapinhoa;1140778444
44440;44501;tartaruga verde;67384103,84
44531;44593;albacora;336840,3928
44531;44593;albacora leste;1565868,007
44531;44593;barracuda;13543370,55
44531;44593;baleia azul;1374,261328
44531;44593;baleia franca;2207,45251
44531;44593;bicudo;0,370947999
44531;44593;cachalote;887,7012659
44531;44593;canto do amaro;102424,5484
44531;44593;caratinga;806700,2188
44531;44593;carapeba;19092,29096
44531;44593;carmopolis;3588,9116
44531;44593;cherne;32784,63326
44531;44593;espadarte;8477,114753
44531;44593;fazenda alegre;123,2043739
44531;44593;golfinho;4952,472359
44531;44593;jubarte;866362381,1
44531;44593;leste do urucu;30854632,92
44531;44593;tupi;11305138877
44531;44593;lapa;69381653,89
44531;44593;manati;53,80811731
44531;44593;marimba;178238,6651
44531;44593;marlim;13998164,92
44531;44593;marlim leste;141145966
44531;44593;marlim sul;222208899,7
44531;44593;mexilhao;3552687,393
44531;44593;miranga;63394,01942
44531;44593;namorado;44263,07028
44531;44593;pampo;41176,12516
44531;44593;peroa;1438,36001
44531;44593;pilar;2,725182181
44531;44593;rio urucu;27643081,36
44531;44593;roncador;614570116,9
44531;44593;sapinhoa;1764879693
44531;44593;sururu;68659759,68
44531;44593;tartaruga verde;79450217,6
44621;44682;barracuda;2697,79
44621;44682;jubarte;723719315,7
44621;44682;leste do urucu;33341128,11
44621;44682;tupi;9776680941
44621;44682;lapa;70634353,11
44621;44682;marlim;798265,5107
44621;44682;marlim leste;53585511,32
44621;44682;marlim sul;272198534,9
44621;44682;mexilhao;6136741,66
44621;44682;rio urucu;31938219,78
44621;44682;roncador;497549948,2
44621;44682;sapinhoa;1805808399
44621;44682;sururu;99491064,99
44621;44682;tartaruga verde;68166851,17
44713;44774;albacora leste;9305729,01
44713;44774;berbigao;139135501,4
44713;44774;jubarte;377024915
44713;44774;leste do urucu;30181356,47
44713;44774;tupi;10010987514
44713;44774;lapa;61635714,75
44713;44774;marlim leste;141371359,1
44713;44774;marlim sul;248633601,7
44713;44774;mexilhao;7169891,03
44713;44774;rio urucu;32762129,17
44713;44774;roncador;428849004,9
44713;44774;sapinhoa;1669926085
44713;44774;sururu;127182989
44713;44774;tartaruga verde;59244587
44805;44866;barracuda;108409,94
44805;44866;bauna;5152963,68
44805;44866;berbigao;47814072,87
44805;44866;jubarte;271904747,5
44805;44866;leste do urucu;22734419,64
44805;44866;tupi;8491912626
44805;44866;lapa;5109902,57
44805;44866;marlim;15488613,75
44805;44866;marlim leste;23259816,72
44805;44866;marlim sul;204713133,5
44805;44866;mexilhao;2307350,14
44805;44866;rio urucu;19706368,88
44805;44866;roncador;390864867,3
44805;44866;sapinhoa;938424963,3
44805;44866;sururu;178099684
44805;44866;tartaruga verde;41346187,47
44896;44958;albacora leste;8942068,33
44896;44958;barracuda;11110868,57
44896;44958;baleia azul;89490,2
44896;44958;baleia franca;244856,2623
44896;44958;berbigao;67930922,28
44896;44958;cachalote;144169,0659
44896;44958;gaviao caboclo;4333329,33
44896;44958;jubarte;243995514,3
44896;44958;leste do urucu;16288986,77
44896;44958;tupi;7226414361
44896;44958;lapa;11655550,47
44896;44958;marlim;299121,52
44896;44958;marlim leste;76181245,37
44896;44958;marlim sul;142667762,2
44896;44958;peregrino;2293033,46
44896;44958;rio urucu;15408198,03
44896;44958;roncador;301685956,7
44896;44958;sapinhoa;905984909,3
44896;44958;sururu;196109959,8
44896;44958;tartaruga verde;29540336,47
44986;45047;barracuda;6665973,22
44986;45047;berbigao;45815881,26
44986;45047;jubarte;389108048,8
44986;45047;leste do urucu;14407043,38
44986;45047;tupi;6659798929
44986;45047;lapa;21748810,05
44986;45047;marlim;3122880,15
44986;45047;marlim leste;57225997,31
44986;45047;marlim sul;37713515,02
44986;45047;rio urucu;12158891,68
44986;45047;roncador;161225964,2
44986;45047;sapinhoa;960680103
44986;45047;sururu;108684714,8
44986;45047;tartaruga verde;18687840,9
45078;45139;albacora leste;1402640,84
45078;45139;barracuda;1621571,99
45078;45139;berbigao;178126118,4
45078;45139;frade;40630337,55
45078;45139;jubarte;608242167,1
45078;45139;leste do urucu;17570854,01
45078;45139;tupi;7802861534
45078;45139;lapa;31295152,3
45078;45139;marlim leste;77773793,39
45078;45139;marlim sul;154917425,9
45078;45139;mexilhao;45864,99
45078;45139;rio urucu;10671038,8
45078;45139;roncador;374383225,3
45078;45139;sapinhoa;1141668883
45078;45139;sururu;131020188,8
45078;45139;tartaruga verde;21982969,95
45170;45231;albacora leste;2780924,72
45170;45231;barracuda;17248327,78
45170;45231;bauna;17140292,45
45170;45231;berbigao;119776456,5
45170;45231;frade;50845467,93
45170;45231;jubarte;468145582,2
45170;45231;leste do urucu;16470374,27
45170;45231;tupi;7825041996
45170;45231;lapa;29567507,46
45170;45231;marlim leste;103031808,3
45170;45231;marlim sul;90551714,3
45170;45231;rio urucu;15892202,29
45170;45231;roncador;291144414,4
45170;45231;sapinhoa;814842531
45170;45231;sururu;84123496,07
45170;45231;tartaruga verde;757919,76
45261;45323;albacora leste;220387,17
45261;45323;barracuda;9109465,72
45261;45323;bauna;4925924,31
45261;45323;berbigao;174750833,9
45261;45323;frade;33934271,07
45261;45323;jubarte;670898970
45261;45323;leste do urucu;14357682,95
45261;45323;tupi;6690138798
45261;45323;lapa;758147,62
45261;45323;marlim sul;94924739,85
45261;45323;rio urucu;13132253,25
45261;45323;roncador;110411965,4
45261;45323;sapinhoa;601904360,7
45261;45323;sururu;144643342,4
45261;45323;tartaruga verde;10099537,93
45352;45413;albacora leste;2407090
45352;45413;barracuda;9643347,71
45352;45413;bauna;24594,95
45352;45413;berbigao;159515036
45352;45413;frade;39447346,9
45352;45413;jubarte;426037095,5
45352;45413;leste do urucu;11461749,95
45352;45413;tupi;7019184433
45352;45413;lapa;30329200,45
45352;45413;marlim leste;212807,26
45352;45413;marlim sul;90618898,5
45352;45413;rio urucu;15003193,29
45352;45413;roncador;32924296,4
45352;45413;sapinhoa;800707052,7
45352;45413;sururu;111505025,7
45352;45413;tartaruga verde;6073408,32
45444;45505;barracuda;3172503,08
45444;45505;berbigao;148592246
45444;45505;frade;21706821,92
45444;45505;jubarte;413373648,7
45444;45505;leste do urucu;13913620,36
45444;45505;tupi;7921133791
45444;45505;lapa;28805403,09
45444;45505;rio urucu;13829914,38
45444;45505;roncador;133053950
45444;45505;sapinhoa;595434348
45444;45505;sururu;121729292,1
45444;45505;tartaruga verde;6882349,68
45536;45597;albacora;3143144,37
45536;45597;albacora leste;72356,8
45536;45597;berbigão;83682685,93
45536;45597;frade;23155524,24
45536;45597;jubarte;195036464,2
45536;45597;leste do urucu;15892004,64
45536;45597;tupi;7820604870
45536;45597;lapa;20359604,17
45536;45597;marlim;15462239,05
45536;45597;marlim sul;38661859,07
45536;45597;peregrino;55807926,54
45536;45597;rio urucu;15912573,84
45536;45597;roncador;115246354,2
45536;45597;sapinhoá;332353828,2
45536;45597;sururu;78782260,26
45536;45597;tartaruga verde;2575082,95
