competencia;caixa;municipio;estado;valor
38961;39022;marechal deodoro;alagoas;1923,63
38961;39022;pilar;alagoas;10387,72
38961;39022;rio largo;alagoas;487,97
38961;39022;satuba;alagoas;2197,2
38961;39022;coari;amazonas;1599096,28
38961;39022;pojuca;bahia;211560,21
38961;39022;jaguare;espirito santo;26799,01
38961;39022;presidente kennedy;espirito santo;989185,88
38961;39022;armacao dos buzios;rio de janeiro;1830422,6
38961;39022;cabo frio;rio de janeiro;17918625,08
38961;39022;campos dos goytacazes;rio de janeiro;97798020,58
38961;39022;carapebus;rio de janeiro;387200,64
38961;39022;casimiro de abreu;rio de janeiro;5995387,79
38961;39022;macae;rio de janeiro;15372076,61
38961;39022;quissama;rio de janeiro;9948507,41
38961;39022;rio das ostras;rio de janeiro;30918451,76
38961;39022;sao joao da barra;rio de janeiro;2077870,95
38961;39022;areia branca;rio grande do norte;146061,89
38961;39022;mossoro;rio grande do norte;689033,43
38961;39022;carmopolis;sergipe;239349,62
38961;39022;general maynard;sergipe;1336,2
38961;39022;japaratuba;sergipe;249710,9
38961;39022;maruim;sergipe;6296,79
38961;39022;rosario do catete;sergipe;20277,9
38961;39022;santo amaro das brotas;sergipe;4679,41
39052;39114;coari;amazonas;1420379,67
39052;39114;pojuca;bahia;139848,19
39052;39114;jaguare;espirito santo;27199,99
39052;39114;presidente kennedy;espirito santo;741841,91
39052;39114;armacao dos buzios;rio de janeiro;1424104,85
39052;39114;cabo frio;rio de janeiro;13278682,55
39052;39114;campos dos goytacazes;rio de janeiro;81504402,44
39052;39114;carapebus;rio de janeiro;527343,2
39052;39114;casimiro de abreu;rio de janeiro;4788508,6
39052;39114;macae;rio de janeiro;11574823,61
39052;39114;quissama;rio de janeiro;10907504,99
39052;39114;rio das ostras;rio de janeiro;23717571,53
39052;39114;sao joao da barra;rio de janeiro;1558303,44
39052;39114;areia branca;rio grande do norte;154792,62
39052;39114;mossoro;rio grande do norte;612781,55
39052;39114;carmopolis;sergipe;249159,14
39052;39114;general maynard;sergipe;1428,5
39052;39114;japaratuba;sergipe;238852,41
39052;39114;maruim;sergipe;5623,63
39052;39114;rosario do catete;sergipe;19983,59
39052;39114;santo amaro das brotas;sergipe;4707,2
39142;39203;coari;amazonas;1529543,97
39142;39203;pojuca;bahia;116664,4
39142;39203;itapemirim;espirito santo;221632,96
39142;39203;jaguare;espirito santo;39700
39142;39203;marataizes;espirito santo;31638,15
39142;39203;presidente kennedy;espirito santo;1033416,05
39142;39203;armacao dos buzios;rio de janeiro;1651098,37
39142;39203;arraial do cabo;rio de janeiro;17545,45
39142;39203;cabo frio;rio de janeiro;14548080,02
39142;39203;campos dos goytacazes;rio de janeiro;95314475,98
39142;39203;carapebus;rio de janeiro;519393,84
39142;39203;casimiro de abreu;rio de janeiro;5387500,99
39142;39203;macae;rio de janeiro;14508411,57
39142;39203;quissama;rio de janeiro;12568826,84
39142;39203;rio das ostras;rio de janeiro;28745629,75
39142;39203;sao joao da barra;rio de janeiro;1638762,25
39142;39203;areia branca;rio grande do norte;183753,68
39142;39203;mossoro;rio grande do norte;734960,59
39142;39203;carmopolis;sergipe;313532,5
39142;39203;general maynard;sergipe;1900,6
39142;39203;japaratuba;sergipe;346155,31
39142;39203;maruim;sergipe;8527,38
39142;39203;rosario do catete;sergipe;27173,29
39142;39203;santo amaro das brotas;sergipe;6952,86
39234;39295;coari;amazonas;1613499,18
39234;39295;pojuca;bahia;100020,8
39234;39295;itapemirim;espirito santo;662969,61
39234;39295;jaguare;espirito santo;7414,64
39234;39295;marataizes;espirito santo;94639,05
39234;39295;presidente kennedy;espirito santo;1388342,27
39234;39295;armacao dos buzios;rio de janeiro;2123610,24
39234;39295;arraial do cabo;rio de janeiro;117561,07
39234;39295;cabo frio;rio de janeiro;15501076,4
39234;39295;campos dos goytacazes;rio de janeiro;103821396,5
39234;39295;carapebus;rio de janeiro;467618,04
39234;39295;casimiro de abreu;rio de janeiro;5632452,68
39234;39295;macae;rio de janeiro;18107268,05
39234;39295;quissama;rio de janeiro;11821852,19
39234;39295;rio das ostras;rio de janeiro;34309116,95
39234;39295;sao joao da barra;rio de janeiro;1324910,78
39234;39295;areia branca;rio grande do norte;212003,98
39234;39295;mossoro;rio grande do norte;804287,28
39234;39295;carmopolis;sergipe;358240,09
39234;39295;general maynard;sergipe;2238,95
39234;39295;japaratuba;sergipe;397702,89
39234;39295;maruim;sergipe;8870,41
39234;39295;rosario do catete;sergipe;29760,71
39234;39295;santo amaro das brotas;sergipe;8385,42
39326;39387;coari;amazonas;1641144,62
39326;39387;pojuca;bahia;100946,47
39326;39387;itapemirim;espirito santo;682717,48
39326;39387;marataizes;espirito santo;97458,06
39326;39387;presidente kennedy;espirito santo;1936561,59
39326;39387;armacao dos buzios;rio de janeiro;2376469,13
39326;39387;arraial do cabo;rio de janeiro;180210,18
39326;39387;cabo frio;rio de janeiro;16147121,85
39326;39387;campos dos goytacazes;rio de janeiro;112645952,7
39326;39387;carapebus;rio de janeiro;399014,18
39326;39387;casimiro de abreu;rio de janeiro;6381647,31
39326;39387;macae;rio de janeiro;20068167,96
39326;39387;quissama;rio de janeiro;11404270,81
39326;39387;rio das ostras;rio de janeiro;38070418,28
39326;39387;sao joao da barra;rio de janeiro;2429089,41
39326;39387;areia branca;rio grande do norte;248083,91
39326;39387;mossoro;rio grande do norte;974221,91
39326;39387;carmopolis;sergipe;381103,31
39326;39387;general maynard;sergipe;2662,98
39326;39387;japaratuba;sergipe;428210,5
39326;39387;maruim;sergipe;10288,52
39326;39387;rosario do catete;sergipe;37488,45
39326;39387;santo amaro das brotas;sergipe;9741,98
39417;39479;coari;amazonas;1931575,01
39417;39479;pojuca;bahia;70268,19
39417;39479;itapemirim;espirito santo;750057,76
39417;39479;marataizes;espirito santo;107070,9
39417;39479;presidente kennedy;espirito santo;5473367,86
39417;39479;armacao dos buzios;rio de janeiro;2174382,51
39417;39479;arraial do cabo;rio de janeiro;206376,14
39417;39479;cabo frio;rio de janeiro;13892449,13
39417;39479;campos dos goytacazes;rio de janeiro;130652195
39417;39479;carapebus;rio de janeiro;398341,22
39417;39479;casimiro de abreu;rio de janeiro;6333449,74
39417;39479;macae;rio de janeiro;21907403,3
39417;39479;quissama;rio de janeiro;11940805,68
39417;39479;rio das ostras;rio de janeiro;40560445,72
39417;39479;sao joao da barra;rio de janeiro;9696811,79
39417;39479;areia branca;rio grande do norte;227028,01
39417;39479;mossoro;rio grande do norte;1002646,88
39417;39479;carmopolis;sergipe;373063,77
39417;39479;general maynard;sergipe;2260,63
39417;39479;japaratuba;sergipe;381084,18
39417;39479;maruim;sergipe;10577,04
39417;39479;rosario do catete;sergipe;36153,25
39417;39479;santo amaro das brotas;sergipe;9488,5
39508;39569;coari;amazonas;2203110,42
39508;39569;pojuca;bahia;81955,6
39508;39569;aracruz;espirito santo;412186,17
39508;39569;fundao;espirito santo;68296,42
39508;39569;itapemirim;espirito santo;720075,9
39508;39569;linhares;espirito santo;516609
39508;39569;marataizes;espirito santo;102790,99
39508;39569;presidente kennedy;espirito santo;11310414,68
39508;39569;serra;espirito santo;173841,12
39508;39569;vitoria;espirito santo;15019,39
39508;39569;armacao dos buzios;rio de janeiro;2265982,79
39508;39569;arraial do cabo;rio de janeiro;259354,79
39508;39569;cabo frio;rio de janeiro;13466383,24
39508;39569;campos dos goytacazes;rio de janeiro;174485974,6
39508;39569;carapebus;rio de janeiro;477785,37
39508;39569;casimiro de abreu;rio de janeiro;6925667,6
39508;39569;macae;rio de janeiro;28432243,23
39508;39569;quissama;rio de janeiro;12632718,03
39508;39569;rio das ostras;rio de janeiro;50702171,17
39508;39569;sao joao da barra;rio de janeiro;22030005,99
39508;39569;areia branca;rio grande do norte;245876,23
39508;39569;mossoro;rio grande do norte;1132474,31
39508;39569;serra do mel;rio grande do norte;3098,83
39508;39569;carmopolis;sergipe;449720,7
39508;39569;general maynard;sergipe;2183,4
39508;39569;japaratuba;sergipe;459232,8
39508;39569;maruim;sergipe;13237,84
39508;39569;rosario do catete;sergipe;43656,64
39508;39569;santo amaro das brotas;sergipe;10414,22
39600;39661;coari;amazonas;2089516,7
39600;39661;pojuca;bahia;64562,69
39600;39661;aracruz;espirito santo;142669,28
39600;39661;fundao;espirito santo;23639,32
39600;39661;itapemirim;espirito santo;347486,09
39600;39661;linhares;espirito santo;635027,2
39600;39661;marataizes;espirito santo;49603,4
39600;39661;presidente kennedy;espirito santo;16684992,21
39600;39661;serra;espirito santo;60171,32
39600;39661;vitoria;espirito santo;5198,63
39600;39661;armacao dos buzios;rio de janeiro;2318708,63
39600;39661;arraial do cabo;rio de janeiro;272838,64
39600;39661;cabo frio;rio de janeiro;13115387,98
39600;39661;campos dos goytacazes;rio de janeiro;203364131,2
39600;39661;carapebus;rio de janeiro;537658,4
39600;39661;casimiro de abreu;rio de janeiro;6905410,3
39600;39661;macae;rio de janeiro;28320448,05
39600;39661;quissama;rio de janeiro;14420989,39
39600;39661;rio das ostras;rio de janeiro;50546573,78
39600;39661;sao joao da barra;rio de janeiro;34242983,32
39600;39661;areia branca;rio grande do norte;246831,86
39600;39661;mossoro;rio grande do norte;1242408,72
39600;39661;serra do mel;rio grande do norte;1964,15
39600;39661;carmopolis;sergipe;471988,2
39600;39661;general maynard;sergipe;2148,42
39600;39661;japaratuba;sergipe;467660,17
39600;39661;maruim;sergipe;12965,82
39600;39661;rosario do catete;sergipe;42576,81
39600;39661;santo amaro das brotas;sergipe;9620,32
39692;39753;coari;amazonas;1266031,07
39692;39753;pojuca;bahia;42175,43
39692;39753;itapemirim;espirito santo;143013,36
39692;39753;linhares;espirito santo;529274,78
39692;39753;marataizes;espirito santo;20415,06
39692;39753;presidente kennedy;espirito santo;7900168,56
39692;39753;armacao dos buzios;rio de janeiro;848691,51
39692;39753;arraial do cabo;rio de janeiro;74369,25
39692;39753;cabo frio;rio de janeiro;5148315,59
39692;39753;campos dos goytacazes;rio de janeiro;101061292,9
39692;39753;carapebus;rio de janeiro;164012,42
39692;39753;casimiro de abreu;rio de janeiro;3169238,93
39692;39753;macae;rio de janeiro;16059459,56
39692;39753;quissama;rio de janeiro;6543132,75
39692;39753;rio das ostras;rio de janeiro;27693524,14
39692;39753;sao joao da barra;rio de janeiro;16263559,75
39692;39753;areia branca;rio grande do norte;106212,65
39692;39753;mossoro;rio grande do norte;579971,7
39692;39753;serra do mel;rio grande do norte;1124,42
39692;39753;carmopolis;sergipe;80339,01
39692;39753;general maynard;sergipe;386,25
39692;39753;japaratuba;sergipe;79578,02
39692;39753;maruim;sergipe;2043,48
39692;39753;rosario do catete;sergipe;6845,34
39692;39753;santo amaro das brotas;sergipe;1788,23
39783;39845;coari;amazonas;1120212,24
39783;39845;pojuca;bahia;16465,62
39783;39845;itapemirim;espirito santo;6752,28
39783;39845;marataizes;espirito santo;963,88
39783;39845;presidente kennedy;espirito santo;8025995,25
39783;39845;armacao dos buzios;rio de janeiro;695163,21
39783;39845;arraial do cabo;rio de janeiro;43769,05
39783;39845;cabo frio;rio de janeiro;4639581,14
39783;39845;campos dos goytacazes;rio de janeiro;76582579,85
39783;39845;carapebus;rio de janeiro;151377,72
39783;39845;casimiro de abreu;rio de janeiro;2657790,27
39783;39845;macae;rio de janeiro;8233406,02
39783;39845;quissama;rio de janeiro;4384433,37
39783;39845;rio das ostras;rio de janeiro;15786214,22
39783;39845;sao joao da barra;rio de janeiro;16843652,55
39783;39845;areia branca;rio grande do norte;78200,37
39783;39845;mossoro;rio grande do norte;426261,54
39783;39845;serra do mel;rio grande do norte;822,43
39783;39845;carmopolis;sergipe;49749,5
39783;39845;general maynard;sergipe;231,12
39783;39845;japaratuba;sergipe;50691,36
39783;39845;maruim;sergipe;1258,71
39783;39845;rosario do catete;sergipe;4402,07
39783;39845;santo amaro das brotas;sergipe;967,92
39873;39934;coari;amazonas;1555503,68
39873;39934;pojuca;bahia;365,4
39873;39934;aracruz;espirito santo;11,88
39873;39934;fundao;espirito santo;1,97
39873;39934;itapemirim;espirito santo;117799,56
39873;39934;marataizes;espirito santo;16815,81
39873;39934;presidente kennedy;espirito santo;12308085,2
39873;39934;serra;espirito santo;5,01
39873;39934;vitoria;espirito santo;0,43
39873;39934;armacao dos buzios;rio de janeiro;1138633,17
39873;39934;arraial do cabo;rio de janeiro;60260,96
39873;39934;cabo frio;rio de janeiro;7599131,21
39873;39934;campos dos goytacazes;rio de janeiro;131971491,8
39873;39934;carapebus;rio de janeiro;225893,81
39873;39934;casimiro de abreu;rio de janeiro;3913630,02
39873;39934;macae;rio de janeiro;16541418,14
39873;39934;quissama;rio de janeiro;8334847,99
39873;39934;rio das ostras;rio de janeiro;31253378,08
39873;39934;sao joao da barra;rio de janeiro;25581204,49
39873;39934;areia branca;rio grande do norte;78885,48
39873;39934;mossoro;rio grande do norte;402171,18
39873;39934;serra do mel;rio grande do norte;492,88
39873;39934;carmopolis;sergipe;190217,29
39873;39934;general maynard;sergipe;648,16
39873;39934;japaratuba;sergipe;195410,21
39873;39934;maruim;sergipe;4816,76
39873;39934;rosario do catete;sergipe;15298,19
39873;39934;santo amaro das brotas;sergipe;3727,06
39965;40026;coari;amazonas;1666646,01
39965;40026;itapemirim;espirito santo;164375,78
39965;40026;marataizes;espirito santo;23464,53
39965;40026;presidente kennedy;espirito santo;12921865,6
39965;40026;armacao dos buzios;rio de janeiro;1794365,16
39965;40026;arraial do cabo;rio de janeiro;62205,69
39965;40026;cabo frio;rio de janeiro;11913097,91
39965;40026;campos dos goytacazes;rio de janeiro;148310355,7
39965;40026;carapebus;rio de janeiro;219529,91
39965;40026;casimiro de abreu;rio de janeiro;5122520,85
39965;40026;macae;rio de janeiro;20153909,9
39965;40026;quissama;rio de janeiro;6607221,19
39965;40026;rio das ostras;rio de janeiro;39253594,26
39965;40026;sao joao da barra;rio de janeiro;26762563,96
39965;40026;areia branca;rio grande do norte;101929,3
39965;40026;mossoro;rio grande do norte;515116,88
39965;40026;serra do mel;rio grande do norte;368,88
39965;40026;carmopolis;sergipe;265397,68
39965;40026;general maynard;sergipe;826,04
39965;40026;japaratuba;sergipe;293345,34
39965;40026;maruim;sergipe;6874,19
39965;40026;rosario do catete;sergipe;20054,46
39965;40026;santo amaro das brotas;sergipe;5299,88
40057;40118;coari;amazonas;1860174,53
40057;40118;cairu;bahia;22363,84
40057;40118;itapemirim;espirito santo;553650,81
40057;40118;marataizes;espirito santo;79033,29
40057;40118;presidente kennedy;espirito santo;12995311,96
40057;40118;armacao dos buzios;rio de janeiro;2082286,55
40057;40118;arraial do cabo;rio de janeiro;51204,76
40057;40118;cabo frio;rio de janeiro;13971501,27
40057;40118;campos dos goytacazes;rio de janeiro;162582676
40057;40118;carapebus;rio de janeiro;248869,93
40057;40118;casimiro de abreu;rio de janeiro;5635066,19
40057;40118;macae;rio de janeiro;25760631,07
40057;40118;quissama;rio de janeiro;5943403,46
40057;40118;rio das ostras;rio de janeiro;48161899,9
40057;40118;sao joao da barra;rio de janeiro;26014705,63
40057;40118;areia branca;rio grande do norte;114740,92
40057;40118;mossoro;rio grande do norte;501970,7
40057;40118;serra do mel;rio grande do norte;566,49
40057;40118;carmopolis;sergipe;244882,39
40057;40118;general maynard;sergipe;844,33
40057;40118;japaratuba;sergipe;253864,04
40057;40118;maruim;sergipe;7960,9
40057;40118;rosario do catete;sergipe;18649,06
40057;40118;santo amaro das brotas;sergipe;4821,89
40148;40210;coari;amazonas;1756061,43
40148;40210;pojuca;bahia;0,33
40148;40210;aracruz;espirito santo;619607,63
40148;40210;fundao;espirito santo;102664,74
40148;40210;itapemirim;espirito santo;452844,92
40148;40210;marataizes;espirito santo;64643,31
40148;40210;presidente kennedy;espirito santo;13013227,51
40148;40210;serra;espirito santo;261321,93
40148;40210;vitoria;espirito santo;22577,49
40148;40210;armacao dos buzios;rio de janeiro;2408894,19
40148;40210;arraial do cabo;rio de janeiro;30868,82
40148;40210;cabo frio;rio de janeiro;16442896,42
40148;40210;campos dos goytacazes;rio de janeiro;178434640,8
40148;40210;carapebus;rio de janeiro;201405,98
40148;40210;casimiro de abreu;rio de janeiro;6099175,37
40148;40210;macae;rio de janeiro;30894710,01
40148;40210;quissama;rio de janeiro;5163411,83
40148;40210;rio das ostras;rio de janeiro;56651240,1
40148;40210;sao joao da barra;rio de janeiro;26285954,87
40148;40210;areia branca;rio grande do norte;111883,32
40148;40210;mossoro;rio grande do norte;453786,83
40148;40210;serra do mel;rio grande do norte;1735,41
40148;40210;carmopolis;sergipe;240998,76
40148;40210;general maynard;sergipe;890,5
40148;40210;japaratuba;sergipe;243488,44
40148;40210;maruim;sergipe;7145,36
40148;40210;rosario do catete;sergipe;18962,26
40148;40210;santo amaro das brotas;sergipe;4806,29
40238;40299;coari;amazonas;2062976,65
40238;40299;cairu;bahia;462882,27
40238;40299;aracruz;espirito santo;1348938,14
40238;40299;fundao;espirito santo;223509,81
40238;40299;itapemirim;espirito santo;173900,28
40238;40299;linhares;espirito santo;160,83
40238;40299;marataizes;espirito santo;24824,15
40238;40299;presidente kennedy;espirito santo;13268139,34
40238;40299;serra;espirito santo;568919,9
40238;40299;armacao dos buzios;rio de janeiro;2598660,05
40238;40299;arraial do cabo;rio de janeiro;33025,73
40238;40299;cabo frio;rio de janeiro;16755210,12
40238;40299;campos dos goytacazes;rio de janeiro;152142622,2
40238;40299;carapebus;rio de janeiro;199599,94
40238;40299;casimiro de abreu;rio de janeiro;5164036,67
40238;40299;macae;rio de janeiro;19741451,2
40238;40299;quissama;rio de janeiro;4748147,52
40238;40299;rio das ostras;rio de janeiro;40425287,42
40238;40299;sao joao da barra;rio de janeiro;27467869,21
40238;40299;areia branca;rio grande do norte;88444,53
40238;40299;mossoro;rio grande do norte;384698,61
40238;40299;serra do mel;rio grande do norte;918,93
40238;40299;carmopolis;sergipe;231543,25
40238;40299;general maynard;sergipe;1006,8
40238;40299;japaratuba;sergipe;236347,16
40238;40299;maruim;sergipe;7042,4
40238;40299;rosario do catete;sergipe;18003,14
40238;40299;santo amaro das brotas;sergipe;4710,6
40330;40391;coari;amazonas;1828805,36
40330;40391;cairu;bahia;766814,64
40330;40391;pojuca;bahia;14403,68
40330;40391;aracruz;espirito santo;970465,69
40330;40391;fundao;espirito santo;160799,51
40330;40391;itapemirim;espirito santo;741288,56
40330;40391;marataizes;espirito santo;106343,54
40330;40391;presidente kennedy;espirito santo;12737724,69
40330;40391;serra;espirito santo;409297,68
40330;40391;vitoria;espirito santo;35362,18
40330;40391;armacao dos buzios;rio de janeiro;2557893,18
40330;40391;arraial do cabo;rio de janeiro;11135,68
40330;40391;cabo frio;rio de janeiro;17433581,23
40330;40391;campos dos goytacazes;rio de janeiro;122250012,2
40330;40391;carapebus;rio de janeiro;1250894,305
40330;40391;casimiro de abreu;rio de janeiro;5846745,967
40330;40391;macae;rio de janeiro;14910852,12
40330;40391;quissama;rio de janeiro;4121560,38
40330;40391;rio das ostras;rio de janeiro;19318134,38
40330;40391;sao joao da barra;rio de janeiro;25042317,87
40330;40391;areia branca;rio grande do norte;94965,37
40330;40391;mossoro;rio grande do norte;418115,11
40330;40391;serra do mel;rio grande do norte;1025,97
40330;40391;carmopolis;sergipe;195650,02
40330;40391;general maynard;sergipe;850
40330;40391;japaratuba;sergipe;218092,6
40330;40391;maruim;sergipe;5545,2
40330;40391;rosario do catete;sergipe;15668,38
40330;40391;santo amaro das brotas;sergipe;3792,37
40422;40483;coari;amazonas;1704669,28
40422;40483;cairu;bahia;172265,81
40422;40483;pojuca;bahia;1241,15
40422;40483;aracruz;espirito santo;565653,35
40422;40483;fundao;espirito santo;93724,88
40422;40483;itapemirim;espirito santo;1173411,6
40422;40483;linhares;espirito santo;45811,9
40422;40483;marataizes;espirito santo;167503,73
40422;40483;presidente kennedy;espirito santo;13628668,99
40422;40483;serra;espirito santo;238566,5
40422;40483;vitoria;espirito santo;20611,48
40422;40483;armacao dos buzios;rio de janeiro;3028717,89
40422;40483;arraial do cabo;rio de janeiro;18466,63
40422;40483;cabo frio;rio de janeiro;20525671,54
40422;40483;campos dos goytacazes;rio de janeiro;136248983
40422;40483;carapebus;rio de janeiro;156755,3
40422;40483;casimiro de abreu;rio de janeiro;6914393,741
40422;40483;macae;rio de janeiro;11231438,77
40422;40483;quissama;rio de janeiro;3725112,09
40422;40483;rio das ostras;rio de janeiro;29383330,72
40422;40483;sao joao da barra;rio de janeiro;25908841,28
40422;40483;areia branca;rio grande do norte;79296,99
40422;40483;mossoro;rio grande do norte;367692,48
40422;40483;serra do mel;rio grande do norte;746,93
40422;40483;carmopolis;sergipe;195876,21
40422;40483;general maynard;sergipe;779,34
40422;40483;japaratuba;sergipe;206838,48
40422;40483;maruim;sergipe;4928,34
40422;40483;rosario do catete;sergipe;15755,53
40422;40483;santo amaro das brotas;sergipe;3637,33
40513;40575;coari;amazonas;2817221
40513;40575;cairu;bahia;115397,43
40513;40575;pojuca;bahia;241,94
40513;40575;aracruz;espirito santo;377455,17
40513;40575;fundao;espirito santo;62541,73
40513;40575;itapemirim;espirito santo;7661923,8
40513;40575;marataizes;espirito santo;1960719,28
40513;40575;piuma;espirito santo;120484,34
40513;40575;presidente kennedy;espirito santo;20353049,39
40513;40575;serra;espirito santo;159193,19
40513;40575;vitoria;espirito santo;13753,85
40513;40575;armacao dos buzios;rio de janeiro;3378325,61
40513;40575;arraial do cabo;rio de janeiro;5288,31
40513;40575;cabo frio;rio de janeiro;23347646,96
40513;40575;campos dos goytacazes;rio de janeiro;159644635,1
40513;40575;carapebus;rio de janeiro;133279,43
40513;40575;casimiro de abreu;rio de janeiro;8275545,09
40513;40575;macae;rio de janeiro;16210897,81
40513;40575;quissama;rio de janeiro;3618822,74
40513;40575;rio das ostras;rio de janeiro;39494552,61
40513;40575;sao joao da barra;rio de janeiro;27267681,69
40513;40575;areia branca;rio grande do norte;122532,39
40513;40575;mossoro;rio grande do norte;563744,41
40513;40575;serra do mel;rio grande do norte;1132,17
40513;40575;carmopolis;sergipe;304709,49
40513;40575;general maynard;sergipe;1550,87
40513;40575;japaratuba;sergipe;323515,14
40513;40575;maruim;sergipe;7658,74
40513;40575;rosario do catete;sergipe;27353,15
40513;40575;santo amaro das brotas;sergipe;5229,94
40603;40664;coari;amazonas;3521685,6
40603;40664;aracruz;espirito santo;157322,21
40603;40664;fundao;espirito santo;26067,21
40603;40664;itapemirim;espirito santo;10188138,48
40603;40664;linhares;espirito santo;160855,55
40603;40664;marataizes;espirito santo;2552064,93
40603;40664;piuma;espirito santo;152548,77
40603;40664;presidente kennedy;espirito santo;24912916,16
40603;40664;serra;espirito santo;66351,26
40603;40664;vitoria;espirito santo;5732,56
40603;40664;armacao dos buzios;rio de janeiro;3542278,61
40603;40664;cabo frio;rio de janeiro;24986997,93
40603;40664;campos dos goytacazes;rio de janeiro;176543510
40603;40664;carapebus;rio de janeiro;876245,43
40603;40664;casimiro de abreu;rio de janeiro;9021855,48
40603;40664;itaguai;rio de janeiro;574,86
40603;40664;macae;rio de janeiro;22407710,11
40603;40664;parati;rio de janeiro;228233,31
40603;40664;quissama;rio de janeiro;3146171,31
40603;40664;rio das ostras;rio de janeiro;44284630,35
40603;40664;rio de janeiro;rio de janeiro;5635,32
40603;40664;sao joao da barra;rio de janeiro;31501811,3
40603;40664;areia branca;rio grande do norte;140485,28
40603;40664;mossoro;rio grande do norte;587330,15
40603;40664;serra do mel;rio grande do norte;1185,83
40603;40664;carmopolis;sergipe;318416,43
40603;40664;general maynard;sergipe;1301,85
40603;40664;japaratuba;sergipe;346140,84
40603;40664;maruim;sergipe;6725,54
40603;40664;rosario do catete;sergipe;33639,05
40603;40664;santo amaro das brotas;sergipe;5083,91
40695;40756;coari;amazonas;3883383,35
40695;40756;cairu;bahia;135816,85
40695;40756;itapemirim;espirito santo;12522227,95
40695;40756;linhares;espirito santo;186860,21
40695;40756;marataizes;espirito santo;2799897,97
40695;40756;piuma;espirito santo;140686,81
40695;40756;presidente kennedy;espirito santo;26795472,79
40695;40756;armacao dos buzios;rio de janeiro;3322254,97
40695;40756;cabo frio;rio de janeiro;24287580,45
40695;40756;campos dos goytacazes;rio de janeiro;155938387
40695;40756;carapebus;rio de janeiro;756328,29
40695;40756;casimiro de abreu;rio de janeiro;9785136,72
40695;40756;macae;rio de janeiro;14765164,34
40695;40756;quissama;rio de janeiro;3133638,56
40695;40756;rio das ostras;rio de janeiro;34409501,19
40695;40756;sao joao da barra;rio de janeiro;31013823,25
40695;40756;areia branca;rio grande do norte;137798,83
40695;40756;mossoro;rio grande do norte;658574,04
40695;40756;serra do mel;rio grande do norte;1211,46
40695;40756;carmopolis;sergipe;321146,76
40695;40756;general maynard;sergipe;1154,24
40695;40756;japaratuba;sergipe;352177,11
40695;40756;maruim;sergipe;6121,01
40695;40756;rosario do catete;sergipe;33763,17
40695;40756;santo amaro das brotas;sergipe;4452,18
40787;40848;coari;amazonas;3954343,49
40787;40848;cairu;bahia;197843,04
40787;40848;itapemirim;espirito santo;21657686,65
40787;40848;marataizes;espirito santo;3950020,64
40787;40848;piuma;espirito santo;119291,37
40787;40848;presidente kennedy;espirito santo;37756927,12
40787;40848;armacao dos buzios;rio de janeiro;4118245,98
40787;40848;cabo frio;rio de janeiro;28629274,93
40787;40848;campos dos goytacazes;rio de janeiro;177225969,3
40787;40848;carapebus;rio de janeiro;791237,37
40787;40848;casimiro de abreu;rio de janeiro;10698779,67
40787;40848;macae;rio de janeiro;18324046,48
40787;40848;marica;rio de janeiro;861397,55
40787;40848;niteroi;rio de janeiro;758310,64
40787;40848;quissama;rio de janeiro;4143826,11
40787;40848;rio das ostras;rio de janeiro;41400403,78
40787;40848;rio de janeiro;rio de janeiro;140569,32
40787;40848;sao joao da barra;rio de janeiro;32247093,63
40787;40848;areia branca;rio grande do norte;130660,84
40787;40848;mossoro;rio grande do norte;603082,5
40787;40848;serra do mel;rio grande do norte;1052,08
40787;40848;carmopolis;sergipe;347637,44
40787;40848;general maynard;sergipe;981,92
40787;40848;japaratuba;sergipe;364466,95
40787;40848;maruim;sergipe;6782,21
40787;40848;rosario do catete;sergipe;37741,55
40787;40848;santo amaro das brotas;sergipe;6149,05
40878;40940;coari;amazonas;3671026,41
40878;40940;cairu;bahia;311547,01
40878;40940;itapemirim;espirito santo;22279906,53
40878;40940;marataizes;espirito santo;5022591,48
40878;40940;piuma;espirito santo;256002,4
40878;40940;presidente kennedy;espirito santo;35819425,39
40878;40940;armacao dos buzios;rio de janeiro;5597660,16
40878;40940;arraial do cabo;rio de janeiro;5567,68
40878;40940;cabo frio;rio de janeiro;38211289,44
40878;40940;campos dos goytacazes;rio de janeiro;187930918,6
40878;40940;carapebus;rio de janeiro;704748,44
40878;40940;casimiro de abreu;rio de janeiro;13415424,07
40878;40940;macae;rio de janeiro;17563003,43
40878;40940;marica;rio de janeiro;1735055,39
40878;40940;niteroi;rio de janeiro;1527414,34
40878;40940;quissama;rio de janeiro;4549833,09
40878;40940;rio das ostras;rio de janeiro;44937015,47
40878;40940;rio de janeiro;rio de janeiro;283139,37
40878;40940;sao joao da barra;rio de janeiro;28260384,14
40878;40940;areia branca;rio grande do norte;148866,64
40878;40940;mossoro;rio grande do norte;737227,7
40878;40940;serra do mel;rio grande do norte;864,2
40878;40940;carmopolis;sergipe;398914,25
40878;40940;general maynard;sergipe;1409,2
40878;40940;japaratuba;sergipe;441694,79
40878;40940;maruim;sergipe;7708,93
40878;40940;rosario do catete;sergipe;43095,44
40878;40940;santo amaro das brotas;sergipe;15618,95
40969;41030;coari;amazonas;4112818,72
40969;41030;cairu;bahia;635156,44
40969;41030;itapemirim;espirito santo;23643661,2
40969;41030;marataizes;espirito santo;4714781,87
40969;41030;piuma;espirito santo;184014,68
40969;41030;presidente kennedy;espirito santo;39998085,96
40969;41030;armacao dos buzios;rio de janeiro;5104831,54
40969;41030;arraial do cabo;rio de janeiro;7300,17
40969;41030;cabo frio;rio de janeiro;35030273,74
40969;41030;campos dos goytacazes;rio de janeiro;185383360,1
40969;41030;carapebus;rio de janeiro;439360,77
40969;41030;casimiro de abreu;rio de janeiro;11697680,65
40969;41030;macae;rio de janeiro;16528418,91
40969;41030;marica;rio de janeiro;4741436,11
40969;41030;niteroi;rio de janeiro;4174009,38
40969;41030;parati;rio de janeiro;44411,59
40969;41030;quissama;rio de janeiro;3117036,15
40969;41030;rio das ostras;rio de janeiro;41410475,03
40969;41030;rio de janeiro;rio de janeiro;773743,15
40969;41030;sao joao da barra;rio de janeiro;31971480,24
40969;41030;areia branca;rio grande do norte;216042,61
40969;41030;mossoro;rio grande do norte;907288,58
40969;41030;serra do mel;rio grande do norte;582,61
40969;41030;carmopolis;sergipe;343186,47
40969;41030;general maynard;sergipe;1464,77
40969;41030;japaratuba;sergipe;401653,85
40969;41030;maruim;sergipe;7897,64
40969;41030;rosario do catete;sergipe;43345,61
40969;41030;santo amaro das brotas;sergipe;14412,75
41061;41122;coari;amazonas;4013010,81
41061;41122;cairu;bahia;672922,2
41061;41122;itapemirim;espirito santo;15938692,28
41061;41122;marataizes;espirito santo;3534215,39
41061;41122;piuma;espirito santo;173550,44
41061;41122;presidente kennedy;espirito santo;28493443,23
41061;41122;armacao dos buzios;rio de janeiro;4937173,86
41061;41122;arraial do cabo;rio de janeiro;92025,72
41061;41122;cabo frio;rio de janeiro;34023803,91
41061;41122;campos dos goytacazes;rio de janeiro;162393714,1
41061;41122;carapebus;rio de janeiro;416777,32
41061;41122;casimiro de abreu;rio de janeiro;11680743,35
41061;41122;macae;rio de janeiro;13251418,14
41061;41122;marica;rio de janeiro;9583012,48
41061;41122;niteroi;rio de janeiro;8436174,87
41061;41122;parati;rio de janeiro;559851,18
41061;41122;quissama;rio de janeiro;3526869,09
41061;41122;rio das ostras;rio de janeiro;36597769,58
41061;41122;rio de janeiro;rio de janeiro;1563827,96
41061;41122;sao joao da barra;rio de janeiro;25565681,58
41061;41122;areia branca;rio grande do norte;239852,59
41061;41122;mossoro;rio grande do norte;1034945,63
41061;41122;serra do mel;rio grande do norte;831,08
41061;41122;carmopolis;sergipe;326744,42
41061;41122;general maynard;sergipe;1193,54
41061;41122;japaratuba;sergipe;391031,5
41061;41122;maruim;sergipe;7933,81
41061;41122;rosario do catete;sergipe;45356,27
41061;41122;santo amaro das brotas;sergipe;15262,77
41153;41214;coari;amazonas;4338453,08
41153;41214;cairu;bahia;573490,64
41153;41214;itapemirim;espirito santo;15304748,17
41153;41214;marataizes;espirito santo;3268287,05
41153;41214;piuma;espirito santo;149210,54
41153;41214;presidente kennedy;espirito santo;31790630,84
41153;41214;armacao dos buzios;rio de janeiro;5547656,34
41153;41214;arraial do cabo;rio de janeiro;100603,2
41153;41214;cabo frio;rio de janeiro;37327560,99
41153;41214;campos dos goytacazes;rio de janeiro;188886978,4
41153;41214;carapebus;rio de janeiro;568634,23
41153;41214;casimiro de abreu;rio de janeiro;12395496,13
41153;41214;macae;rio de janeiro;14384364,6
41153;41214;marica;rio de janeiro;11662522,65
41153;41214;niteroi;rio de janeiro;10266821,67
41153;41214;parati;rio de janeiro;612033,49
41153;41214;quissama;rio de janeiro;4117389,18
41153;41214;rio das ostras;rio de janeiro;39280330,64
41153;41214;rio de janeiro;rio de janeiro;1903178,04
41153;41214;sao joao da barra;rio de janeiro;33366490,67
41153;41214;areia branca;rio grande do norte;241990,19
41153;41214;mossoro;rio grande do norte;1012590,82
41153;41214;serra do mel;rio grande do norte;2576,32
41153;41214;carmopolis;sergipe;324030,67
41153;41214;general maynard;sergipe;904,54
41153;41214;japaratuba;sergipe;392908,41
41153;41214;maruim;sergipe;10990,53
41153;41214;rosario do catete;sergipe;50622,04
41153;41214;santo amaro das brotas;sergipe;11418,58
41244;41306;coari;amazonas;4211411,68
41244;41306;cairu;bahia;722093,35
41244;41306;anchieta;espirito santo;1782,1
41244;41306;itapemirim;espirito santo;17386005,27
41244;41306;marataizes;espirito santo;3153232,51
41244;41306;piuma;espirito santo;91774,2
41244;41306;presidente kennedy;espirito santo;30981062
41244;41306;armacao dos buzios;rio de janeiro;5251004,12
41244;41306;arraial do cabo;rio de janeiro;5124,02
41244;41306;cabo frio;rio de janeiro;35722289,18
41244;41306;campos dos goytacazes;rio de janeiro;161964724,8
41244;41306;carapebus;rio de janeiro;458626,73
41244;41306;casimiro de abreu;rio de janeiro;11533674,46
41244;41306;macae;rio de janeiro;11773877,66
41244;41306;marica;rio de janeiro;9509879,31
41244;41306;niteroi;rio de janeiro;8371793,81
41244;41306;parati;rio de janeiro;31172,65
41244;41306;quissama;rio de janeiro;3358422,4
41244;41306;rio das ostras;rio de janeiro;34518942,04
41244;41306;rio de janeiro;rio de janeiro;1551893,53
41244;41306;sao joao da barra;rio de janeiro;25973349,39
41244;41306;areia branca;rio grande do norte;210316,86
41244;41306;augusto severo;rio grande do norte;790,88
41244;41306;mossoro;rio grande do norte;1034063,88
41244;41306;serra do mel;rio grande do norte;2440,74
41244;41306;carmopolis;sergipe;289319,56
41244;41306;general maynard;sergipe;1164,61
41244;41306;japaratuba;sergipe;331477,25
41244;41306;maruim;sergipe;8272,49
41244;41306;rosario do catete;sergipe;43353,78
41244;41306;santo amaro das brotas;sergipe;11358,96
41334;41395;coari;amazonas;3829007,14
41334;41395;cairu;bahia;250502,46
41334;41395;itapemirim;espirito santo;16137500,9
41334;41395;marataizes;espirito santo;3022954,32
41334;41395;piuma;espirito santo;98468,05
41334;41395;presidente kennedy;espirito santo;29803784,1
41334;41395;armacao dos buzios;rio de janeiro;5025955,24
41334;41395;arraial do cabo;rio de janeiro;135691,91
41334;41395;cabo frio;rio de janeiro;33027040,92
41334;41395;campos dos goytacazes;rio de janeiro;149800759,9
41334;41395;carapebus;rio de janeiro;321073,39
41334;41395;casimiro de abreu;rio de janeiro;10250255,65
41334;41395;macae;rio de janeiro;11256026,54
41334;41395;marica;rio de janeiro;7391313,41
41334;41395;niteroi;rio de janeiro;6506765,22
41334;41395;parati;rio de janeiro;825500,47
41334;41395;quissama;rio de janeiro;1086379,56
41334;41395;rio das ostras;rio de janeiro;31774304,88
41334;41395;rio de janeiro;rio de janeiro;1206170,04
41334;41395;sao joao da barra;rio de janeiro;26502049,87
41334;41395;areia branca;rio grande do norte;224508,63
41334;41395;augusto severo;rio grande do norte;1188,93
41334;41395;mossoro;rio grande do norte;979402,78
41334;41395;serra do mel;rio grande do norte;2609,76
41334;41395;carmopolis;sergipe;264496,55
41334;41395;general maynard;sergipe;1022,05
41334;41395;japaratuba;sergipe;306771,54
41334;41395;maruim;sergipe;7840,93
41334;41395;rosario do catete;sergipe;39696,37
41334;41395;santo amaro das brotas;sergipe;9751,16
41426;41487;coari;amazonas;4411645,71
41426;41487;cairu;bahia;697444,32
41426;41487;anchieta;espirito santo;210,65
41426;41487;itapemirim;espirito santo;17321280,45
41426;41487;marataizes;espirito santo;3162087,21
41426;41487;piuma;espirito santo;94210,84
41426;41487;presidente kennedy;espirito santo;34649683,26
41426;41487;armacao dos buzios;rio de janeiro;5896351,75
41426;41487;arraial do cabo;rio de janeiro;455047,77
41426;41487;cabo frio;rio de janeiro;37295742,1
41426;41487;campos dos goytacazes;rio de janeiro;179426704,8
41426;41487;carapebus;rio de janeiro;580822,47
41426;41487;casimiro de abreu;rio de janeiro;11759759,67
41426;41487;macae;rio de janeiro;13304120,81
41426;41487;marica;rio de janeiro;14790859,68
41426;41487;niteroi;rio de janeiro;13020778,03
41426;41487;parati;rio de janeiro;2768346,16
41426;41487;quissama;rio de janeiro;2638219,66
41426;41487;rio das ostras;rio de janeiro;36414788,78
41426;41487;rio de janeiro;rio de janeiro;2413683,57
41426;41487;sao joao da barra;rio de janeiro;33721019,57
41426;41487;areia branca;rio grande do norte;315782,27
41426;41487;augusto severo;rio grande do norte;1609,19
41426;41487;mossoro;rio grande do norte;1277198,11
41426;41487;serra do mel;rio grande do norte;3306,23
41426;41487;iguape;sao paulo;432503,4
41426;41487;ilha comprida;sao paulo;5641982,48
41426;41487;carmopolis;sergipe;323654,94
41426;41487;general maynard;sergipe;1254,25
41426;41487;japaratuba;sergipe;350179,81
41426;41487;maruim;sergipe;9143,97
41426;41487;rosario do catete;sergipe;39969,36
41426;41487;santo amaro das brotas;sergipe;12693,96
41518;41579;coari;amazonas;4575960,21
41518;41579;cairu;bahia;660378
41518;41579;itapemirim;espirito santo;17522628,25
41518;41579;marataizes;espirito santo;3101460,43
41518;41579;piuma;espirito santo;81748,36
41518;41579;presidente kennedy;espirito santo;35646401,84
41518;41579;santo antonio dos lopes;maranhao;24429,01
41518;41579;armacao dos buzios;rio de janeiro;5916597,06
41518;41579;arraial do cabo;rio de janeiro;356667,43
41518;41579;cabo frio;rio de janeiro;37647108,47
41518;41579;campos dos goytacazes;rio de janeiro;182197512,8
41518;41579;carapebus;rio de janeiro;430135,73
41518;41579;casimiro de abreu;rio de janeiro;11310900,43
41518;41579;macae;rio de janeiro;13590046,61
41518;41579;marica;rio de janeiro;17496392,4
41518;41579;niteroi;rio de janeiro;15402528,77
41518;41579;parati;rio de janeiro;2169835,68
41518;41579;quissama;rio de janeiro;1970480,93
41518;41579;rio das ostras;rio de janeiro;36675555,9
41518;41579;rio de janeiro;rio de janeiro;2855192,71
41518;41579;sao joao da barra;rio de janeiro;35099855,18
41518;41579;areia branca;rio grande do norte;270004,14
41518;41579;augusto severo;rio grande do norte;911
41518;41579;mossoro;rio grande do norte;1122829,55
41518;41579;serra do mel;rio grande do norte;2486,1
41518;41579;iguape;sao paulo;706000,9
41518;41579;ilha comprida;sao paulo;9209742
41518;41579;carmopolis;sergipe;353625,12
41518;41579;general maynard;sergipe;1252,07
41518;41579;japaratuba;sergipe;387123,48
41518;41579;maruim;sergipe;8862,78
41518;41579;rosario do catete;sergipe;42699,51
41518;41579;santo amaro das brotas;sergipe;15191,92
41609;41671;coari;amazonas;5025284,8
41609;41671;cairu;bahia;684892,22
41609;41671;itapemirim;espirito santo;16136226,9
41609;41671;marataizes;espirito santo;2713260,52
41609;41671;piuma;espirito santo;55415,78
41609;41671;presidente kennedy;espirito santo;31000859,28
41609;41671;santo antonio dos lopes;maranhao;520017,91
41609;41671;armacao dos buzios;rio de janeiro;5338372,57
41609;41671;arraial do cabo;rio de janeiro;187049,23
41609;41671;cabo frio;rio de janeiro;34664520,08
41609;41671;campos dos goytacazes;rio de janeiro;161428630,4
41609;41671;carapebus;rio de janeiro;510035,45
41609;41671;casimiro de abreu;rio de janeiro;10797952,74
41609;41671;macae;rio de janeiro;12592669,11
41609;41671;marica;rio de janeiro;28546143,25
41609;41671;niteroi;rio de janeiro;25129911,5
41609;41671;parati;rio de janeiro;1137939,86
41609;41671;quissama;rio de janeiro;2027823,84
41609;41671;rio das ostras;rio de janeiro;34153814,28
41609;41671;rio de janeiro;rio de janeiro;4658374,03
41609;41671;sao joao da barra;rio de janeiro;28217986,55
41609;41671;areia branca;rio grande do norte;261265,86
41609;41671;augusto severo;rio grande do norte;1452,69
41609;41671;macau;rio grande do norte;5547,9
41609;41671;mossoro;rio grande do norte;1122126,87
41609;41671;serra do mel;rio grande do norte;2428,64
41609;41671;iguape;sao paulo;94196,34
41609;41671;ilha comprida;sao paulo;1228785,94
41609;41671;carmopolis;sergipe;372064,03
41609;41671;general maynard;sergipe;1396,84
41609;41671;japaratuba;sergipe;431073,18
41609;41671;maruim;sergipe;9669,12
41609;41671;rosario do catete;sergipe;50024,88
41609;41671;santo amaro das brotas;sergipe;18833,62
41699;41760;coari;amazonas;4086089,33
41699;41760;cairu;bahia;627074,84
41699;41760;itapemirim;espirito santo;22043812,56
41699;41760;marataizes;espirito santo;3684991,99
41699;41760;piuma;espirito santo;37361,43
41699;41760;presidente kennedy;espirito santo;36622605,4
41699;41760;armacao dos buzios;rio de janeiro;4786227,48
41699;41760;arraial do cabo;rio de janeiro;369302,45
41699;41760;cabo frio;rio de janeiro;30210688,86
41699;41760;campos dos goytacazes;rio de janeiro;152663159
41699;41760;carapebus;rio de janeiro;489952,03
41699;41760;casimiro de abreu;rio de janeiro;9427148,98
41699;41760;macae;rio de janeiro;15014807,84
41699;41760;marica;rio de janeiro;19313744,35
41699;41760;niteroi;rio de janeiro;17002390,91
41699;41760;parati;rio de janeiro;2246702,63
41699;41760;quissama;rio de janeiro;1995236,24
41699;41760;rio das ostras;rio de janeiro;35260382,9
41699;41760;rio de janeiro;rio de janeiro;3159552,79
41699;41760;sao joao da barra;rio de janeiro;26152923,8
41699;41760;areia branca;rio grande do norte;221127,8
41699;41760;augusto severo;rio grande do norte;819,92
41699;41760;mossoro;rio grande do norte;995136,82
41699;41760;serra do mel;rio grande do norte;2366,75
41699;41760;iguape;sao paulo;832251,64
41699;41760;ilha comprida;sao paulo;10856675,9
41699;41760;ilhabela;sao paulo;4369144,43
41699;41760;carmopolis;sergipe;285841,7
41699;41760;general maynard;sergipe;1290,08
41699;41760;japaratuba;sergipe;350606,19
41699;41760;maruim;sergipe;9653,22
41699;41760;rosario do catete;sergipe;41211,47
41699;41760;santo amaro das brotas;sergipe;13885,9
41791;41852;coari;amazonas;3806680,35
41791;41852;cairu;bahia;609642,17
41791;41852;anchieta;espirito santo;122075,07
41791;41852;itapemirim;espirito santo;21897323,15
41791;41852;marataizes;espirito santo;4397429,07
41791;41852;piuma;espirito santo;150474,42
41791;41852;presidente kennedy;espirito santo;39022147,7
41791;41852;armacao dos buzios;rio de janeiro;4308107,07
41791;41852;arraial do cabo;rio de janeiro;340372,18
41791;41852;cabo frio;rio de janeiro;27157006,7
41791;41852;campos dos goytacazes;rio de janeiro;157815039,9
41791;41852;carapebus;rio de janeiro;536358,06
41791;41852;casimiro de abreu;rio de janeiro;8063882,56
41791;41852;macae;rio de janeiro;15447103,46
41791;41852;marica;rio de janeiro;29244753,23
41791;41852;niteroi;rio de janeiro;25744916,03
41791;41852;parati;rio de janeiro;2070701,31
41791;41852;quissama;rio de janeiro;1971905,08
41791;41852;rio das ostras;rio de janeiro;33700134,56
41791;41852;rio de janeiro;rio de janeiro;4786673,5
41791;41852;sao joao da barra;rio de janeiro;31263708,62
41791;41852;areia branca;rio grande do norte;173066,29
41791;41852;augusto severo;rio grande do norte;584,43
41791;41852;mossoro;rio grande do norte;810017,12
41791;41852;serra do mel;rio grande do norte;2206,3
41791;41852;caraguatatuba;sao paulo;172268,75
41791;41852;iguape;sao paulo;1095661,45
41791;41852;ilha comprida;sao paulo;9876134,26
41791;41852;ilhabela;sao paulo;8261044,13
41791;41852;peruibe;sao paulo;122395,32
41791;41852;ubatuba;sao paulo;44286,46
41791;41852;carmopolis;sergipe;229427,18
41791;41852;general maynard;sergipe;880,57
41791;41852;japaratuba;sergipe;303176,22
41791;41852;maruim;sergipe;7008,99
41791;41852;rosario do catete;sergipe;33528,59
41791;41852;santo amaro das brotas;sergipe;11570,43
41883;41944;coari;amazonas;2813641,44
41883;41944;cairu;bahia;525478,45
41883;41944;anchieta;espirito santo;108345,77
41883;41944;itapemirim;espirito santo;20286039,05
41883;41944;marataizes;espirito santo;4999278,28
41883;41944;piuma;espirito santo;134645,19
41883;41944;presidente kennedy;espirito santo;34095654,49
41883;41944;armacao dos buzios;rio de janeiro;2344895,71
41883;41944;arraial do cabo;rio de janeiro;171275,91
41883;41944;cabo frio;rio de janeiro;14862268,87
41883;41944;campos dos goytacazes;rio de janeiro;103546191,4
41883;41944;carapebus;rio de janeiro;308411,72
41883;41944;casimiro de abreu;rio de janeiro;4430348
41883;41944;macae;rio de janeiro;8075600,59
41883;41944;marica;rio de janeiro;27344591,83
41883;41944;niteroi;rio de janeiro;24072154,58
41883;41944;parati;rio de janeiro;1041980,67
41883;41944;quissama;rio de janeiro;1332317,09
41883;41944;rio das ostras;rio de janeiro;17903826,08
41883;41944;rio de janeiro;rio de janeiro;4497763,32
41883;41944;sao joao da barra;rio de janeiro;25219277,67
41883;41944;areia branca;rio grande do norte;86590,76
41883;41944;augusto severo;rio grande do norte;360,83
41883;41944;mossoro;rio grande do norte;412935,51
41883;41944;serra do mel;rio grande do norte;375,81
41883;41944;caraguatatuba;sao paulo;129894,84
41883;41944;iguape;sao paulo;476718,99
41883;41944;ilha comprida;sao paulo;2888467,18
41883;41944;ilhabela;sao paulo;20074366,49
41883;41944;peruibe;sao paulo;92289,04
41883;41944;ubatuba;sao paulo;33393,07
41883;41944;carmopolis;sergipe;76078,73
41883;41944;general maynard;sergipe;242,87
41883;41944;japaratuba;sergipe;102086,66
41883;41944;maruim;sergipe;2549,31
41883;41944;rosario do catete;sergipe;10396,78
41883;41944;santo amaro das brotas;sergipe;5163,73
41974;42036;coari;amazonas;1915720,5
41974;42036;cairu;bahia;495456,97
41974;42036;itapemirim;espirito santo;11139693,07
41974;42036;marataizes;espirito santo;2507009,11
41974;42036;presidente kennedy;espirito santo;20215137,95
41974;42036;santo antonio dos lopes;maranhao;340499,04
41974;42036;armacao dos buzios;rio de janeiro;683239,82
41974;42036;cabo frio;rio de janeiro;4856477,23
41974;42036;campos dos goytacazes;rio de janeiro;58601634,02
41974;42036;carapebus;rio de janeiro;145888,8
41974;42036;casimiro de abreu;rio de janeiro;1785399,8
41974;42036;macae;rio de janeiro;3374754,86
41974;42036;marica;rio de janeiro;24155092,96
41974;42036;niteroi;rio de janeiro;21264355,86
41974;42036;quissama;rio de janeiro;2158198,39
41974;42036;rio das ostras;rio de janeiro;7222233,64
41974;42036;rio de janeiro;rio de janeiro;3966779,8
41974;42036;sao joao da barra;rio de janeiro;16629254,8
41974;42036;areia branca;rio grande do norte;33333,34
41974;42036;augusto severo;rio grande do norte;130,74
41974;42036;mossoro;rio grande do norte;153139,06
41974;42036;serra do mel;rio grande do norte;183,74
41974;42036;iguape;sao paulo;97850,57
41974;42036;ilha comprida;sao paulo;1276455,08
41974;42036;ilhabela;sao paulo;14003297,54
41974;42036;carmopolis;sergipe;9339,11
41974;42036;general maynard;sergipe;52,51
41974;42036;japaratuba;sergipe;11056,14
41974;42036;maruim;sergipe;413,68
41974;42036;rosario do catete;sergipe;1849,86
41974;42036;santo amaro das brotas;sergipe;192,48
42064;42125;coari;amazonas;2238381,89
42064;42125;cairu;bahia;538659,9
42064;42125;itapemirim;espirito santo;16103073,3
42064;42125;marataizes;espirito santo;3321473,51
42064;42125;presidente kennedy;espirito santo;29040857,14
42064;42125;santo antonio dos lopes;maranhao;241989,83
42064;42125;armacao dos buzios;rio de janeiro;899328,03
42064;42125;arraial do cabo;rio de janeiro;726,73
42064;42125;cabo frio;rio de janeiro;6539831,59
42064;42125;campos dos goytacazes;rio de janeiro;77274701,61
42064;42125;carapebus;rio de janeiro;163455,57
42064;42125;casimiro de abreu;rio de janeiro;2673172,72
42064;42125;macae;rio de janeiro;4455325,52
42064;42125;marica;rio de janeiro;29658277,79
42064;42125;niteroi;rio de janeiro;26108952,43
42064;42125;parati;rio de janeiro;4421,12
42064;42125;quissama;rio de janeiro;898603,75
42064;42125;rio das ostras;rio de janeiro;10035689,17
42064;42125;rio de janeiro;rio de janeiro;4905210,25
42064;42125;sao joao da barra;rio de janeiro;23556546,23
42064;42125;areia branca;rio grande do norte;60343,63
42064;42125;augusto severo;rio grande do norte;100,61
42064;42125;mossoro;rio grande do norte;280213,45
42064;42125;serra do mel;rio grande do norte;544,25
42064;42125;caraguatatuba;sao paulo;78343,86
42064;42125;iguape;sao paulo;261609,47
42064;42125;ilha comprida;sao paulo;2067412,18
42064;42125;ilhabela;sao paulo;36693464,04
42064;42125;peruibe;sao paulo;45903,74
42064;42125;ubatuba;sao paulo;25203,25
42064;42125;carmopolis;sergipe;10064,42
42064;42125;general maynard;sergipe;29,61
42064;42125;japaratuba;sergipe;12866,57
42064;42125;maruim;sergipe;429,07
42064;42125;rosario do catete;sergipe;1465,71
42064;42125;santo amaro das brotas;sergipe;495,15
42156;42217;coari;amazonas;2159971,39
42156;42217;cairu;bahia;390823,22
42156;42217;itapemirim;espirito santo;14630613,02
42156;42217;marataizes;espirito santo;2918517,79
42156;42217;presidente kennedy;espirito santo;23946181,87
42156;42217;santo antonio dos lopes;maranhao;202922,52
42156;42217;armacao dos buzios;rio de janeiro;440673,73
42156;42217;cabo frio;rio de janeiro;3263218,21
42156;42217;campos dos goytacazes;rio de janeiro;48092645,21
42156;42217;carapebus;rio de janeiro;58285,45
42156;42217;casimiro de abreu;rio de janeiro;1505006,62
42156;42217;macae;rio de janeiro;2005276,75
42156;42217;marica;rio de janeiro;50018719,5
42156;42217;niteroi;rio de janeiro;44032778,21
42156;42217;quissama;rio de janeiro;230148,93
42156;42217;rio das ostras;rio de janeiro;4942587,97
42156;42217;rio de janeiro;rio de janeiro;8238639,32
42156;42217;sao joao da barra;rio de janeiro;16474340,48
42156;42217;areia branca;rio grande do norte;19401,11
42156;42217;augusto severo;rio grande do norte;10,8
42156;42217;mossoro;rio grande do norte;93948,16
42156;42217;serra do mel;rio grande do norte;209,36
42156;42217;iguape;sao paulo;105730,35
42156;42217;ilha comprida;sao paulo;1379246,47
42156;42217;ilhabela;sao paulo;42737853,89
42248;42309;coari;amazonas;1671821,3
42248;42309;cairu;bahia;541258,67
42248;42309;itapemirim;espirito santo;9964094,96
42248;42309;marataizes;espirito santo;2182554,58
42248;42309;presidente kennedy;espirito santo;16232679,21
42248;42309;santo antonio dos lopes;maranhao;224155,38
42248;42309;armacao dos buzios;rio de janeiro;160555,29
42248;42309;cabo frio;rio de janeiro;1258534,9
42248;42309;campos dos goytacazes;rio de janeiro;32825773,62
42248;42309;carapebus;rio de janeiro;39182,64
42248;42309;casimiro de abreu;rio de janeiro;751371,46
42248;42309;macae;rio de janeiro;1928746,53
42248;42309;marica;rio de janeiro;40076250,93
42248;42309;niteroi;rio de janeiro;35280164,84
42248;42309;quissama;rio de janeiro;490588,44
42248;42309;rio das ostras;rio de janeiro;3765199
42248;42309;rio de janeiro;rio de janeiro;6586437,95
42248;42309;sao joao da barra;rio de janeiro;11102890,71
42248;42309;areia branca;rio grande do norte;3886,95
42248;42309;mossoro;rio grande do norte;18349,5
42248;42309;serra do mel;rio grande do norte;32,34
42248;42309;caraguatatuba;sao paulo;16216,03
42248;42309;iguape;sao paulo;93199,14
42248;42309;ilha comprida;sao paulo;937326,72
42248;42309;ilhabela;sao paulo;26083340,37
42248;42309;peruibe;sao paulo;9501,4
42248;42309;ubatuba;sao paulo;5216,71
42339;42401;coari;amazonas;1365416,34
42339;42401;cairu;bahia;597549,79
42339;42401;itapemirim;espirito santo;6238806,92
42339;42401;marataizes;espirito santo;1981108,73
42339;42401;piuma;espirito santo;1310,73
42339;42401;presidente kennedy;espirito santo;7886131,22
42339;42401;santo antonio dos lopes;maranhao;66695,62
42339;42401;cabo frio;rio de janeiro;38125,85
42339;42401;campos dos goytacazes;rio de janeiro;5504099,32
42339;42401;casimiro de abreu;rio de janeiro;79973,6
42339;42401;marica;rio de janeiro;32993467,81
42339;42401;niteroi;rio de janeiro;29045006,85
42339;42401;quissama;rio de janeiro;50426,28
42339;42401;rio das ostras;rio de janeiro;102010,04
42339;42401;rio de janeiro;rio de janeiro;5420663,95
42339;42401;sao joao da barra;rio de janeiro;2408567,47
42339;42401;iguape;sao paulo;21990,47
42339;42401;ilha comprida;sao paulo;286864,37
42339;42401;ilhabela;sao paulo;20492719,73
42339;42401;carmopolis;sergipe;244,03
42339;42401;general maynard;sergipe;1,07
42339;42401;japaratuba;sergipe;294,47
42339;42401;maruim;sergipe;9,87
42339;42401;rosario do catete;sergipe;35,6
42339;42401;santo amaro das brotas;sergipe;12,2
42430;42491;coari;amazonas;1601143,69
42430;42491;cairu;bahia;348380,76
42430;42491;itapemirim;espirito santo;11785202,8
42430;42491;marataizes;espirito santo;3304509,23
42430;42491;presidente kennedy;espirito santo;16399342,42
42430;42491;armacao dos buzios;rio de janeiro;44088,88
42430;42491;cabo frio;rio de janeiro;372661,95
42430;42491;campos dos goytacazes;rio de janeiro;17864510,54
42430;42491;carapebus;rio de janeiro;4096,97
42430;42491;casimiro de abreu;rio de janeiro;259335,88
42430;42491;macae;rio de janeiro;54707,08
42430;42491;marica;rio de janeiro;46067295,2
42430;42491;niteroi;rio de janeiro;40554236,76
42430;42491;quissama;rio de janeiro;254994,3
42430;42491;rio das ostras;rio de janeiro;427965,65
42430;42491;rio de janeiro;rio de janeiro;7580884,16
42430;42491;sao joao da barra;rio de janeiro;7511814,75
42430;42491;caraguatatuba;sao paulo;16830,37
42430;42491;iguape;sao paulo;71040,02
42430;42491;ilha comprida;sao paulo;637713,09
42430;42491;ilhabela;sao paulo;35495334,3
42430;42491;peruibe;sao paulo;9861,36
42430;42491;ubatuba;sao paulo;5414,35
42430;42491;carmopolis;sergipe;6044,96
42430;42491;general maynard;sergipe;23,62
42430;42491;japaratuba;sergipe;7111,95
42430;42491;maruim;sergipe;156,58
42430;42491;rosario do catete;sergipe;797,18
42430;42491;santo amaro das brotas;sergipe;288,77
42522;42583;coari;amazonas;1342981,51
42522;42583;cairu;bahia;223599,71
42522;42583;itapemirim;espirito santo;15637735,23
42522;42583;marataizes;espirito santo;3378181
42522;42583;presidente kennedy;espirito santo;20505249,26
42522;42583;santo antonio dos lopes;maranhao;34196,29
42522;42583;armacao dos buzios;rio de janeiro;531773,45
42522;42583;cabo frio;rio de janeiro;3434780,8
42522;42583;campos dos goytacazes;rio de janeiro;24513187,68
42522;42583;carapebus;rio de janeiro;4775,01
42522;42583;casimiro de abreu;rio de janeiro;869731,28
42522;42583;macae;rio de janeiro;865258,59
42522;42583;marica;rio de janeiro;2690525,12
42522;42583;niteroi;rio de janeiro;33862984,85
42522;42583;quissama;rio de janeiro;343961,53
42522;42583;rio das ostras;rio de janeiro;2719959,55
42522;42583;rio de janeiro;rio de janeiro;439060,1
42522;42583;sao joao da barra;rio de janeiro;7131223,39
42522;42583;areia branca;rio grande do norte;4264,57
42522;42583;augusto severo;rio grande do norte;28,49
42522;42583;mossoro;rio grande do norte;15935,77
42522;42583;serra do mel;rio grande do norte;38,68
42522;42583;iguape;sao paulo;34107,18
42522;42583;ilha comprida;sao paulo;444926,17
42614;42675;coari;amazonas;1772448,51
42614;42675;cairu;bahia;151731,01
42614;42675;itapemirim;espirito santo;19660997,67
42614;42675;marataizes;espirito santo;4099239,95
42614;42675;presidente kennedy;espirito santo;25993969,89
42614;42675;santo antonio dos lopes;maranhao;44683,79
42614;42675;armacao dos buzios;rio de janeiro;807896,59
42614;42675;cabo frio;rio de janeiro;5215168,43
42614;42675;campos dos goytacazes;rio de janeiro;35419724,96
42614;42675;carapebus;rio de janeiro;20298,13
42614;42675;casimiro de abreu;rio de janeiro;1319237,02
42614;42675;macae;rio de janeiro;1912977,35
42614;42675;marica;rio de janeiro;105749933
42614;42675;niteroi;rio de janeiro;61599967,62
42614;42675;quissama;rio de janeiro;462829,3
42614;42675;rio das ostras;rio de janeiro;4979571,97
42614;42675;rio de janeiro;rio de janeiro;17329902,14
42614;42675;sao joao da barra;rio de janeiro;9382628,92
42614;42675;caraguatatuba;sao paulo;126941,65
42614;42675;iguape;sao paulo;182611,25
42614;42675;ilha comprida;sao paulo;202396,04
42614;42675;ilhabela;sao paulo;40918774,86
42614;42675;peruibe;sao paulo;74378,46
42614;42675;ubatuba;sao paulo;40837,18
42705;42767;coari;amazonas;1588823,3
42705;42767;cairu;bahia;125509,4
42705;42767;itapemirim;espirito santo;18896681,7
42705;42767;marataizes;espirito santo;3905416
42705;42767;presidente kennedy;espirito santo;25487310,34
42705;42767;armacao dos buzios;rio de janeiro;629752,32
42705;42767;cabo frio;rio de janeiro;4100163,82
42705;42767;campos dos goytacazes;rio de janeiro;38793670,7
42705;42767;carapebus;rio de janeiro;95646,92
42705;42767;casimiro de abreu;rio de janeiro;1098912,67
42705;42767;macae;rio de janeiro;2812087,88
42705;42767;marica;rio de janeiro;115713325,2
42705;42767;niteroi;rio de janeiro;101863049,8
42705;42767;quissama;rio de janeiro;1232419,55
42705;42767;rio das ostras;rio de janeiro;5898703,35
42705;42767;rio de janeiro;rio de janeiro;18987863,63
42705;42767;sao joao da barra;rio de janeiro;10090449,87
42705;42767;caraguatatuba;sao paulo;136037,95
42705;42767;iguape;sao paulo;184416,53
42705;42767;ilha comprida;sao paulo;69750,31
42705;42767;ilhabela;sao paulo;59152545,82
42705;42767;peruibe;sao paulo;79708,22
42705;42767;ubatuba;sao paulo;43763,47
42705;42767;carmopolis;sergipe;4308,08
42705;42767;general maynard;sergipe;12,68
42705;42767;japaratuba;sergipe;5507,55
42705;42767;maruim;sergipe;183,67
42705;42767;rosario do catete;sergipe;627,4
42705;42767;santo amaro das brotas;sergipe;211,95
42795;42856;coari;amazonas;1198514,07
42795;42856;cairu;bahia;208587,43
42795;42856;itapemirim;espirito santo;19260188,83
42795;42856;marataizes;espirito santo;3616477,6
42795;42856;presidente kennedy;espirito santo;24302271,05
42795;42856;armacao dos buzios;rio de janeiro;486776,39
42795;42856;cabo frio;rio de janeiro;3099144,11
42795;42856;campos dos goytacazes;rio de janeiro;22546607,38
42795;42856;carapebus;rio de janeiro;10602,83
42795;42856;casimiro de abreu;rio de janeiro;698925,88
42795;42856;macae;rio de janeiro;705900,72
42795;42856;marica;rio de janeiro;106248526,5
42795;42856;niteroi;rio de janeiro;93533338,09
42795;42856;quissama;rio de janeiro;376461,79
42795;42856;rio das ostras;rio de janeiro;2252334,82
42795;42856;rio de janeiro;rio de janeiro;17430604,34
42795;42856;sao joao da barra;rio de janeiro;6742280,65
42795;42856;caraguatatuba;sao paulo;144008,07
42795;42856;iguape;sao paulo;247046,88
42795;42856;ilha comprida;sao paulo;749902,17
42795;42856;ilhabela;sao paulo;51773375,35
42795;42856;peruibe;sao paulo;84378,13
42795;42856;ubatuba;sao paulo;46327,47
42887;42948;coari;amazonas;1682091,46
42887;42948;cairu;bahia;482715,7
42887;42948;itapemirim;espirito santo;13583179,39
42887;42948;marataizes;espirito santo;2836876,93
42887;42948;presidente kennedy;espirito santo;18569636,15
42887;42948;santo antonio dos lopes;maranhao;54855,85
42887;42948;armacao dos buzios;rio de janeiro;807940,49
42887;42948;arraial do cabo;rio de janeiro;27881,05
42887;42948;cabo frio;rio de janeiro;4609418,54
42887;42948;campos dos goytacazes;rio de janeiro;29048459,53
42887;42948;carapebus;rio de janeiro;146,65
42887;42948;casimiro de abreu;rio de janeiro;983449,14
42887;42948;macae;rio de janeiro;1573247,9
42887;42948;marica;rio de janeiro;116036542,2
42887;42948;niteroi;rio de janeiro;102149982,6
42887;42948;quissama;rio de janeiro;259233,7
42887;42948;rio das ostras;rio de janeiro;4009625,18
42887;42948;rio de janeiro;rio de janeiro;19041854,82
42887;42948;sao joao da barra;rio de janeiro;7708421,62
42887;42948;caraguatatuba;sao paulo;20835,44
42887;42948;iguape;sao paulo;64915,36
42887;42948;ilha comprida;sao paulo;489044,75
42887;42948;ilhabela;sao paulo;59535404,27
42887;42948;peruibe;sao paulo;12208,03
42887;42948;ubatuba;sao paulo;6702,77
42979;43040;coari;amazonas;2236479,11
42979;43040;cairu;bahia;584303,11
42979;43040;itapemirim;espirito santo;20773625,55
42979;43040;marataizes;espirito santo;3852039,88
42979;43040;presidente kennedy;espirito santo;27604943,51
42979;43040;armacao dos buzios;rio de janeiro;1151514,49
42979;43040;arraial do cabo;rio de janeiro;36967,96
42979;43040;cabo frio;rio de janeiro;7232439,68
42979;43040;campos dos goytacazes;rio de janeiro;41276996,97
42979;43040;carapebus;rio de janeiro;9065,59
42979;43040;casimiro de abreu;rio de janeiro;1746269,22
42979;43040;macae;rio de janeiro;2483975,79
42979;43040;marica;rio de janeiro;165160491,1
42979;43040;niteroi;rio de janeiro;145395071
42979;43040;parati;rio de janeiro;224899,65
42979;43040;quissama;rio de janeiro;243024,98
42979;43040;rio das ostras;rio de janeiro;6551448,04
42979;43040;rio de janeiro;rio de janeiro;27088069,25
42979;43040;sao joao da barra;rio de janeiro;10179455,44
42979;43040;caraguatatuba;sao paulo;139542,06
42979;43040;iguape;sao paulo;183682,13
42979;43040;ilhabela;sao paulo;76315836,62
42979;43040;peruibe;sao paulo;81761,39
42979;43040;ubatuba;sao paulo;44890,75
43070;43132;coari;amazonas;2136832,3
43070;43132;cairu;bahia;311098,46
43070;43132;itapemirim;espirito santo;24217494,22
43070;43132;marataizes;espirito santo;3892628,14
43070;43132;presidente kennedy;espirito santo;32944417,49
43070;43132;armacao dos buzios;rio de janeiro;1999929,56
43070;43132;arraial do cabo;rio de janeiro;124747,91
43070;43132;cabo frio;rio de janeiro;12281325,01
43070;43132;campos dos goytacazes;rio de janeiro;79759048,11
43070;43132;carapebus;rio de janeiro;163353,38
43070;43132;casimiro de abreu;rio de janeiro;3044104,48
43070;43132;macae;rio de janeiro;10984354,32
43070;43132;marica;rio de janeiro;195986926,6
43070;43132;niteroi;rio de janeiro;172532383,1
43070;43132;parati;rio de janeiro;750472,9
43070;43132;quissama;rio de janeiro;1520203,08
43070;43132;rio das ostras;rio de janeiro;20856431,24
43070;43132;rio de janeiro;rio de janeiro;32140009,35
43070;43132;sao joao da barra;rio de janeiro;13247710,43
43070;43132;caraguatatuba;sao paulo;134486,35
43070;43132;iguape;sao paulo;177027,19
43070;43132;ilhabela;sao paulo;88342477,86
43070;43132;peruibe;sao paulo;78799,11
43070;43132;ubatuba;sao paulo;43264,33
43160;43221;coari;amazonas;3031523,53
43160;43221;cairu;bahia;318703,61
43160;43221;pojuca;bahia;25699,46
43160;43221;itapemirim;espirito santo;32357159,92
43160;43221;marataizes;espirito santo;5087270,3
43160;43221;presidente kennedy;espirito santo;43212002,43
43160;43221;armacao dos buzios;rio de janeiro;1962932,55
43160;43221;arraial do cabo;rio de janeiro;269980,5
43160;43221;cabo frio;rio de janeiro;11550547,37
43160;43221;campos dos goytacazes;rio de janeiro;67827340,76
43160;43221;carapebus;rio de janeiro;73408,24
43160;43221;casimiro de abreu;rio de janeiro;3285652,6
43160;43221;macae;rio de janeiro;5555289,49
43160;43221;marica;rio de janeiro;257018268,9
43160;43221;niteroi;rio de janeiro;226259859,2
43160;43221;parati;rio de janeiro;1642337,19
43160;43221;quissama;rio de janeiro;163348,12
43160;43221;rio das ostras;rio de janeiro;13032156,13
43160;43221;rio de janeiro;rio de janeiro;42121730,19
43160;43221;sao joao da barra;rio de janeiro;15929759,93
43160;43221;caraguatatuba;sao paulo;81967,24
43160;43221;iguape;sao paulo;107895,19
43160;43221;ilhabela;sao paulo;100743790,5
43160;43221;peruibe;sao paulo;48026,77
43160;43221;ubatuba;sao paulo;26368,89
43252;43313;coari;amazonas;2817321,96
43252;43313;tefe;amazonas;910674,42
43252;43313;cairu;bahia;506089,49
43252;43313;itapemirim;espirito santo;31792816,49
43252;43313;marataizes;espirito santo;4995704,43
43252;43313;presidente kennedy;espirito santo;39952584,8
43252;43313;armacao dos buzios;rio de janeiro;2105538,54
43252;43313;arraial do cabo;rio de janeiro;391647,52
43252;43313;cabo frio;rio de janeiro;11970979,18
43252;43313;campos dos goytacazes;rio de janeiro;54958506,11
43252;43313;carapebus;rio de janeiro;98390,49
43252;43313;casimiro de abreu;rio de janeiro;3581595,22
43252;43313;macae;rio de janeiro;4906044,54
43252;43313;marica;rio de janeiro;280610723,6
43252;43313;niteroi;rio de janeiro;247028910
43252;43313;parati;rio de janeiro;2382641,87
43252;43313;quissama;rio de janeiro;168667,67
43252;43313;rio das ostras;rio de janeiro;12257478,59
43252;43313;rio de janeiro;rio de janeiro;46021568,13
43252;43313;sao joao da barra;rio de janeiro;10603389,49
43252;43313;ilhabela;sao paulo;128648608,4
43344;43405;coari;amazonas;2760707,8
43344;43405;tefe;amazonas;88883,66
43344;43405;cairu;bahia;398411,51
43344;43405;itapemirim;espirito santo;29804788,85
43344;43405;marataizes;espirito santo;4409267,28
43344;43405;presidente kennedy;espirito santo;37305036,5
43344;43405;armacao dos buzios;rio de janeiro;1723520,88
43344;43405;arraial do cabo;rio de janeiro;196172,58
43344;43405;cabo frio;rio de janeiro;10287349,1
43344;43405;campos dos goytacazes;rio de janeiro;43672353,12
43344;43405;carapebus;rio de janeiro;76746,79
43344;43405;casimiro de abreu;rio de janeiro;2843476,28
43344;43405;macae;rio de janeiro;2205701,28
43344;43405;marica;rio de janeiro;262424661,8
43344;43405;niteroi;rio de janeiro;231019247,3
43344;43405;parati;rio de janeiro;1193443,08
43344;43405;quissama;rio de janeiro;76056,69
43344;43405;rio das ostras;rio de janeiro;7492918,82
43344;43405;rio de janeiro;rio de janeiro;43015755,15
43344;43405;sao joao da barra;rio de janeiro;9515966,82
43344;43405;caraguatatuba;sao paulo;203409,81
43344;43405;iguape;sao paulo;267752,58
43344;43405;ilhabela;sao paulo;107414419,6
43344;43405;peruibe;sao paulo;119183,18
43344;43405;ubatuba;sao paulo;65437,02
43435;43497;coari;amazonas;2428701,39
43435;43497;tefe;amazonas;81179,07
43435;43497;itapemirim;espirito santo;77109860,95
43435;43497;marataizes;espirito santo;90141649,96
43435;43497;piuma;espirito santo;770848,21
43435;43497;presidente kennedy;espirito santo;74442631,35
43435;43497;armacao dos buzios;rio de janeiro;1294189,19
43435;43497;arraial do cabo;rio de janeiro;84332,35
43435;43497;cabo frio;rio de janeiro;7903507,98
43435;43497;campos dos goytacazes;rio de janeiro;32026258,61
43435;43497;carapebus;rio de janeiro;6152,48
43435;43497;casimiro de abreu;rio de janeiro;1908504,56
43435;43497;macae;rio de janeiro;688023,44
43435;43497;marica;rio de janeiro;230307193,3
43435;43497;niteroi;rio de janeiro;202745405,4
43435;43497;parati;rio de janeiro;513047,52
43435;43497;rio das ostras;rio de janeiro;4189070,76
43435;43497;rio de janeiro;rio de janeiro;37749631,29
43435;43497;sao joao da barra;rio de janeiro;7783197,91
43435;43497;caraguatatuba;sao paulo;121546,32
43435;43497;iguape;sao paulo;159993,96
43435;43497;ilhabela;sao paulo;93372663,99
43435;43497;peruibe;sao paulo;71217,21
43435;43497;ubatuba;sao paulo;39101,51
43525;43586;coari;amazonas;15640514,76
43525;43586;tefe;amazonas;79007,02
43525;43586;itapemirim;espirito santo;30861584,04
43525;43586;marataizes;espirito santo;36058164,42
43525;43586;piuma;espirito santo;308329,3
43525;43586;presidente kennedy;espirito santo;32314853,65
43525;43586;araruama;rio de janeiro;32944,39
43525;43586;armacao dos buzios;rio de janeiro;1599708,14
43525;43586;arraial do cabo;rio de janeiro;264847,04
43525;43586;cabo frio;rio de janeiro;9402339,71
43525;43586;campos dos goytacazes;rio de janeiro;35119976,4
43525;43586;carapebus;rio de janeiro;61897,53
43525;43586;casimiro de abreu;rio de janeiro;2342151,42
43525;43586;macae;rio de janeiro;836674,02
43525;43586;marica;rio de janeiro;229561012
43525;43586;niteroi;rio de janeiro;201933349,5
43525;43586;parati;rio de janeiro;1302724,85
43525;43586;quissama;rio de janeiro;879216,62
43525;43586;rio das ostras;rio de janeiro;4813778,26
43525;43586;rio de janeiro;rio de janeiro;38047140,37
43525;43586;sao joao da barra;rio de janeiro;8298089,16
43525;43586;saquarema;rio de janeiro;13726,93
43525;43586;caraguatatuba;sao paulo;103229,6
43525;43586;iguape;sao paulo;135883,28
43525;43586;ilhabela;sao paulo;107339263,5
43525;43586;peruibe;sao paulo;60484,96
43525;43586;ubatuba;sao paulo;33209,02
43617;43678;coari;amazonas;2353241,1
43617;43678;tefe;amazonas;70451,98
43617;43678;cairu;bahia;95975,5
43617;43678;itapemirim;espirito santo;26650210,49
43617;43678;marataizes;espirito santo;31159243,46
43617;43678;piuma;espirito santo;266465,02
43617;43678;presidente kennedy;espirito santo;26219770,88
43617;43678;araruama;rio de janeiro;116182,13
43617;43678;armacao dos buzios;rio de janeiro;1074074,81
43617;43678;arraial do cabo;rio de janeiro;431838,42
43617;43678;cabo frio;rio de janeiro;6133919,43
43617;43678;campos dos goytacazes;rio de janeiro;16980877,79
43617;43678;carapebus;rio de janeiro;5989,15
43617;43678;casimiro de abreu;rio de janeiro;1384996,42
43617;43678;macae;rio de janeiro;312691,22
43617;43678;marica;rio de janeiro;245235508,5
43617;43678;niteroi;rio de janeiro;215339953,5
43617;43678;parati;rio de janeiro;1539157,55
43617;43678;quissama;rio de janeiro;2961143,32
43617;43678;rio das ostras;rio de janeiro;2572335,26
43617;43678;rio de janeiro;rio de janeiro;41566276,68
43617;43678;sao joao da barra;rio de janeiro;3703601,37
43617;43678;saquarema;rio de janeiro;48409,56
43617;43678;caraguatatuba;sao paulo;80991,36
43617;43678;iguape;sao paulo;106610,62
43617;43678;ilhabela;sao paulo;87629701,6
43617;43678;peruibe;sao paulo;47454,98
43617;43678;ubatuba;sao paulo;26054,96
43709;43770;coari;amazonas;2678242,47
43709;43770;tefe;amazonas;74141,78
43709;43770;cairu;bahia;311399,65
43709;43770;anchieta;espirito santo;29715,79
43709;43770;itapemirim;espirito santo;25983220,5
43709;43770;marataizes;espirito santo;30389334,99
43709;43770;piuma;espirito santo;291154,82
43709;43770;presidente kennedy;espirito santo;23830276,76
43709;43770;araruama;rio de janeiro;119751,99
43709;43770;armacao dos buzios;rio de janeiro;879721,25
43709;43770;arraial do cabo;rio de janeiro;478794,04
43709;43770;cabo frio;rio de janeiro;4664199,19
43709;43770;campos dos goytacazes;rio de janeiro;6096657,28
43709;43770;casimiro de abreu;rio de janeiro;955076,66
43709;43770;macae;rio de janeiro;408070,12
43709;43770;marica;rio de janeiro;294862816,6
43709;43770;niteroi;rio de janeiro;259011347,6
43709;43770;parati;rio de janeiro;1791388,48
43709;43770;quissama;rio de janeiro;3052128,73
43709;43770;rio das ostras;rio de janeiro;1983839,35
43709;43770;rio de janeiro;rio de janeiro;49686091
43709;43770;saquarema;rio de janeiro;49897,01
43709;43770;caraguatatuba;sao paulo;83966,78
43709;43770;iguape;sao paulo;110527,23
43709;43770;ilhabela;sao paulo;75588458,92
43709;43770;peruibe;sao paulo;49198,36
43709;43770;ubatuba;sao paulo;27012,16
43800;43862;coari;amazonas;1760650
43800;43862;tefe;amazonas;48585,52
43800;43862;itapemirim;espirito santo;25158642,06
43800;43862;marataizes;espirito santo;29415311,86
43800;43862;piuma;espirito santo;251551,42
43800;43862;presidente kennedy;espirito santo;23057028,79
43800;43862;araruama;rio de janeiro;84763,97
43800;43862;armacao dos buzios;rio de janeiro;29430,88
43800;43862;arraial do cabo;rio de janeiro;130476,98
43800;43862;cabo frio;rio de janeiro;514177,69
43800;43862;campos dos goytacazes;rio de janeiro;1113664,61
43800;43862;casimiro de abreu;rio de janeiro;42223,37
43800;43862;macae;rio de janeiro;313275,93
43800;43862;marica;rio de janeiro;209948562,4
43800;43862;niteroi;rio de janeiro;184423922,6
43800;43862;quissama;rio de janeiro;2160386,07
43800;43862;rio das ostras;rio de janeiro;528756,95
43800;43862;rio de janeiro;rio de janeiro;35401206,08
43800;43862;sao joao da barra;rio de janeiro;5871,06
43800;43862;saquarema;rio de janeiro;35318,57
43800;43862;caraguatatuba;sao paulo;24201,33
43800;43862;iguape;sao paulo;31856,72
43800;43862;ilhabela;sao paulo;70437236,01
43800;43862;peruibe;sao paulo;14180,2
43800;43862;ubatuba;sao paulo;7785,58
43891;43952;coari;amazonas;1293312,15
43891;43952;tefe;amazonas;33388,55
43891;43952;itapemirim;espirito santo;9959493,44
43891;43952;marataizes;espirito santo;11644571,45
43891;43952;piuma;espirito santo;99581,09
43891;43952;presidente kennedy;espirito santo;9126403,85
43891;43952;araruama;rio de janeiro;40247,51
43891;43952;arraial do cabo;rio de janeiro;61952,91
43891;43952;cabo frio;rio de janeiro;155171,24
43891;43952;marica;rio de janeiro;119812679,7
43891;43952;niteroi;rio de janeiro;105284642,6
43891;43952;quissama;rio de janeiro;1025791,55
43891;43952;rio de janeiro;rio de janeiro;20089191,37
43891;43952;saquarema;rio de janeiro;16769,92
43891;43952;caraguatatuba;sao paulo;28962,76
43891;43952;iguape;sao paulo;38124,28
43891;43952;ilhabela;sao paulo;31133012,75
43891;43952;peruibe;sao paulo;16970,05
43891;43952;ubatuba;sao paulo;9317,34
43983;44044;coari;amazonas;2259377,25
43983;44044;tefe;amazonas;55691,15
43983;44044;itapemirim;espirito santo;19346619,02
43983;44044;marataizes;espirito santo;22619934,34
43983;44044;piuma;espirito santo;193439,27
43983;44044;presidente kennedy;espirito santo;17728317,13
43983;44044;araruama;rio de janeiro;57160,68
43983;44044;arraial do cabo;rio de janeiro;87987,3
43983;44044;cabo frio;rio de janeiro;220378,68
43983;44044;marica;rio de janeiro;218443981,9
43983;44044;niteroi;rio de janeiro;192032676,7
43983;44044;quissama;rio de janeiro;1456858,74
43983;44044;rio de janeiro;rio de janeiro;36407431,33
43983;44044;saquarema;rio de janeiro;23817,12
43983;44044;caraguatatuba;sao paulo;64225,71
43983;44044;iguape;sao paulo;84541,63
43983;44044;ilhabela;sao paulo;42587310,83
43983;44044;peruibe;sao paulo;37631,54
43983;44044;ubatuba;sao paulo;20661,44
44075;44136;coari;amazonas;6413590,23
44075;44136;tefe;amazonas;4014410,82
44075;44136;cairu;bahia;72027,18
44075;44136;pojuca;bahia;3087140,18
44075;44136;itapemirim;espirito santo;19075068,03
44075;44136;marataizes;espirito santo;22302438,81
44075;44136;piuma;espirito santo;190724,13
44075;44136;presidente kennedy;espirito santo;17479480,78
44075;44136;araruama;rio de janeiro;53910,3
44075;44136;armacao dos buzios;rio de janeiro;602778,95
44075;44136;arraial do cabo;rio de janeiro;82984
44075;44136;cabo frio;rio de janeiro;4051045,72
44075;44136;campos dos goytacazes;rio de janeiro;6860209,85
44075;44136;casimiro de abreu;rio de janeiro;876330,91
44075;44136;marica;rio de janeiro;204283119
44075;44136;niteroi;rio de janeiro;179581811
44075;44136;quissama;rio de janeiro;1374016,06
44075;44136;rio das ostras;rio de janeiro;1537901,36
44075;44136;rio de janeiro;rio de janeiro;34069830,15
44075;44136;saquarema;rio de janeiro;22462,78
44075;44136;caraguatatuba;sao paulo;57964,64
44075;44136;iguape;sao paulo;76300,06
44075;44136;ilhabela;sao paulo;49415670,65
44075;44136;peruibe;sao paulo;33963,01
44075;44136;ubatuba;sao paulo;18647,25
44075;44136;general maynard;sergipe;104287172,5
44166;44228;coari;amazonas;4804007,59
44166;44228;tefe;amazonas;110277,35
44166;44228;cairu;bahia;14293,09
44166;44228;pojuca;bahia;125,73
44166;44228;aracruz;espirito santo;166,04
44166;44228;fundao;espirito santo;27,52
44166;44228;itapemirim;espirito santo;33759169,8
44166;44228;linhares;espirito santo;659,55
44166;44228;marataizes;espirito santo;39430673,86
44166;44228;piuma;espirito santo;337167,92
44166;44228;presidente kennedy;espirito santo;32968422,7
44166;44228;serra;espirito santo;70,03
44166;44228;vitoria;espirito santo;6,06
44166;44228;araruama;rio de janeiro;97664,76
44166;44228;armacao dos buzios;rio de janeiro;1030339,16
44166;44228;arraial do cabo;rio de janeiro;150335,98
44166;44228;cabo frio;rio de janeiro;7023975,82
44166;44228;campos dos goytacazes;rio de janeiro;21477574,6
44166;44228;carapebus;rio de janeiro;9846,38
44166;44228;casimiro de abreu;rio de janeiro;1661867,25
44166;44228;macae;rio de janeiro;147290,61
44166;44228;marica;rio de janeiro;331913214,9
44166;44228;niteroi;rio de janeiro;291731810
44166;44228;quissama;rio de janeiro;2492525,56
44166;44228;rio das ostras;rio de janeiro;3020974,79
44166;44228;rio de janeiro;rio de janeiro;55517520,62
44166;44228;sao joao da barra;rio de janeiro;4171506,32
44166;44228;saquarema;rio de janeiro;40693,94
44166;44228;areia branca;rio grande do norte;1408,33
44166;44228;mossoro;rio grande do norte;5820,02
44166;44228;serra do mel;rio grande do norte;2,37
44166;44228;caraguatatuba;sao paulo;87696,15
44166;44228;iguape;sao paulo;115922,88
44166;44228;ilha comprida;sao paulo;2784,65
44166;44228;ilhabela;sao paulo;51754614,46
44166;44228;peruibe;sao paulo;51435,91
44166;44228;ubatuba;sao paulo;28184,7
44166;44228;carmopolis;sergipe;797,32
44166;44228;general maynard;sergipe;5,64
44166;44228;japaratuba;sergipe;893,35
44166;44228;maruim;sergipe;21,48
44166;44228;rosario do catete;sergipe;77,83
44166;44228;santo amaro das brotas;sergipe;20,04
44256;44317;coari;amazonas;7946159,54
44256;44317;tefe;amazonas;4040395,97
44256;44317;cairu;bahia;305613,3
44256;44317;pojuca;bahia;3087140,18
44256;44317;itapemirim;espirito santo;23980679,97
44256;44317;marataizes;espirito santo;28038046,68
44256;44317;piuma;espirito santo;239773,4
44256;44317;presidente kennedy;espirito santo;27946430,89
44256;44317;araruama;rio de janeiro;73481,43
44256;44317;armacao dos buzios;rio de janeiro;907623,27
44256;44317;arraial do cabo;rio de janeiro;113109,81
44256;44317;cabo frio;rio de janeiro;6084191,34
44256;44317;campos dos goytacazes;rio de janeiro;39607355,44
44256;44317;carapebus;rio de janeiro;91705,63
44256;44317;casimiro de abreu;rio de janeiro;1420208,36
44256;44317;macae;rio de janeiro;1160044,18
44256;44317;marica;rio de janeiro;362934205
44256;44317;niteroi;rio de janeiro;319154300,6
44256;44317;quissama;rio de janeiro;1872827,2
44256;44317;rio das ostras;rio de janeiro;3837791,98
44256;44317;rio de janeiro;rio de janeiro;60320864,3
44256;44317;sao joao da barra;rio de janeiro;12295326,43
44256;44317;saquarema;rio de janeiro;30617,48
44256;44317;caraguatatuba;sao paulo;84135,99
44256;44317;iguape;sao paulo;110749,96
44256;44317;ilhabela;sao paulo;60294400,21
44256;44317;peruibe;sao paulo;49297,5
44256;44317;ubatuba;sao paulo;27066,59
44256;44317;general maynard;sergipe;104287172,5
44348;44409;coari;amazonas;6146153,15
44348;44409;tefe;amazonas;139054,05
44348;44409;cairu;bahia;33984,09
44348;44409;itapemirim;espirito santo;30432494,56
44348;44409;marataizes;espirito santo;35581464,03
44348;44409;piuma;espirito santo;304282,6
44348;44409;presidente kennedy;espirito santo;34307942,68
44348;44409;araruama;rio de janeiro;95740,54
44348;44409;armacao dos buzios;rio de janeiro;1133107,34
44348;44409;arraial do cabo;rio de janeiro;147373,2
44348;44409;cabo frio;rio de janeiro;7583239,76
44348;44409;campos dos goytacazes;rio de janeiro;48295885,39
44348;44409;carapebus;rio de janeiro;226602,75
44348;44409;casimiro de abreu;rio de janeiro;1801532,11
44348;44409;macae;rio de janeiro;2866445,48
44348;44409;marica;rio de janeiro;402012647,9
44348;44409;niteroi;rio de janeiro;353451225,3
44348;44409;quissama;rio de janeiro;2505182,55
44348;44409;rio das ostras;rio de janeiro;6531428,7
44348;44409;rio de janeiro;rio de janeiro;66983602,81
44348;44409;sao joao da barra;rio de janeiro;13220566,56
44348;44409;saquarema;rio de janeiro;39892,17
44348;44409;ilhabela;sao paulo;68061024,23
44440;44501;marechal deodoro;alagoas;2000,3
44440;44501;pilar;alagoas;5267,99
44440;44501;rio largo;alagoas;168,45
44440;44501;satuba;alagoas;970,97
44440;44501;coari;amazonas;7142736,09
44440;44501;tefe;amazonas;142769,11
44440;44501;pojuca;bahia;65522,5
44440;44501;itapemirim;espirito santo;36480154,74
44440;44501;jaguare;espirito santo;33606,58
44440;44501;marataizes;espirito santo;42652346,93
44440;44501;piuma;espirito santo;364750,76
44440;44501;presidente kennedy;espirito santo;38259736,42
44440;44501;trizidela do vale;maranhao;26380,76
44440;44501;araruama;rio de janeiro;98482,75
44440;44501;armacao dos buzios;rio de janeiro;1805580,21
44440;44501;arraial do cabo;rio de janeiro;169778,29
44440;44501;cabo frio;rio de janeiro;11827281,39
44440;44501;campos dos goytacazes;rio de janeiro;58512871,48
44440;44501;carapebus;rio de janeiro;2456005,93
44440;44501;casimiro de abreu;rio de janeiro;2813530,47
44440;44501;guapimirim;rio de janeiro;15191959,67
44440;44501;macae;rio de janeiro;2351922,75
44440;44501;marica;rio de janeiro;457037684,9
44440;44501;niteroi;rio de janeiro;402637897,8
44440;44501;parati;rio de janeiro;5968071,11
44440;44501;quissama;rio de janeiro;2510037,9
44440;44501;rio das ostras;rio de janeiro;7389807,79
44440;44501;rio de janeiro;rio de janeiro;75946754,71
44440;44501;sao goncalo;rio de janeiro;79,66
44440;44501;sao joao da barra;rio de janeiro;9775894,55
44440;44501;saquarema;rio de janeiro;70949,33
44440;44501;acu;rio grande do norte;33,3
44440;44501;alto do rodrigues;rio grande do norte;149324,29
44440;44501;areia branca;rio grande do norte;0,17
44440;44501;augusto severo;rio grande do norte;48662,31
44440;44501;pedro avelino;rio grande do norte;35657,74
44440;44501;serra do mel;rio grande do norte;234,3
44440;44501;caraguatatuba;sao paulo;388053220,7
44440;44501;iguape;sao paulo;40924,53
44440;44501;ilhabela;sao paulo;59094131,68
44440;44501;peruibe;sao paulo;18216,51
44440;44501;ubatuba;sao paulo;10001,7
44440;44501;carmopolis;sergipe;1870,16
44440;44501;general maynard;sergipe;4598,83
44440;44501;japaratuba;sergipe;1182,36
44531;44593;marechal deodoro;alagoas;0,05
44531;44593;pilar;alagoas;0,18
44531;44593;satuba;alagoas;0,03
44531;44593;coari;amazonas;5733788,98
44531;44593;tefe;amazonas;115982,51
44531;44593;cairu;bahia;5,38
44531;44593;pojuca;bahia;6339,4
44531;44593;aracruz;espirito santo;304,98
44531;44593;fundao;espirito santo;50,54
44531;44593;itapemirim;espirito santo;28059580,41
44531;44593;jaguare;espirito santo;12,32
44531;44593;linhares;espirito santo;143,84
44531;44593;marataizes;espirito santo;32538384,01
44531;44593;piuma;espirito santo;277941,1
44531;44593;presidente kennedy;espirito santo;33979179,89
44531;44593;serra;espirito santo;128,63
44531;44593;vitoria;espirito santo;11,12
44531;44593;araruama;rio de janeiro;116117,54
44531;44593;armacao dos buzios;rio de janeiro;985528,72
44531;44593;arraial do cabo;rio de janeiro;178773,34
44531;44593;cabo frio;rio de janeiro;6855360,81
44531;44593;campos dos goytacazes;rio de janeiro;56047306,38
44531;44593;carapebus;rio de janeiro;232252,02
44531;44593;casimiro de abreu;rio de janeiro;1832886,61
44531;44593;macae;rio de janeiro;3201973,89
44531;44593;marica;rio de janeiro;561726744,6
44531;44593;niteroi;rio de janeiro;487911418,1
44531;44593;quissama;rio de janeiro;3020400,5
44531;44593;rio das ostras;rio de janeiro;6941850,06
44531;44593;rio de janeiro;rio de janeiro;92250452,17
44531;44593;sao joao da barra;rio de janeiro;16921182,16
44531;44593;saquarema;rio de janeiro;48382,65
44531;44593;areia branca;rio grande do norte;1898,17
44531;44593;augusto severo;rio grande do norte;1,07
44531;44593;mossoro;rio grande do norte;8326,4
44531;44593;serra do mel;rio grande do norte;16,84
44531;44593;caraguatatuba;sao paulo;93070,45
44531;44593;iguape;sao paulo;123006,73
44531;44593;ilhabela;sao paulo;91585321,18
44531;44593;peruibe;sao paulo;54627,65
44531;44593;ubatuba;sao paulo;29891,41
44531;44593;carmopolis;sergipe;159,1
44531;44593;general maynard;sergipe;0,64
44531;44593;japaratuba;sergipe;174,66
44531;44593;maruim;sergipe;3,47
44531;44593;rosario do catete;sergipe;15,95
44531;44593;santo amaro das brotas;sergipe;5,08
44621;44682;coari;amazonas;6393400,68
44621;44682;tefe;amazonas;134534,11
44621;44682;itapemirim;espirito santo;23379390,61
44621;44682;marataizes;espirito santo;27335023,3
44621;44682;piuma;espirito santo;233761,38
44621;44682;presidente kennedy;espirito santo;28077292,77
44621;44682;araruama;rio de janeiro;99626,75
44621;44682;armacao dos buzios;rio de janeiro;1201414,8
44621;44682;arraial do cabo;rio de janeiro;153355,24
44621;44682;cabo frio;rio de janeiro;8033137,1
44621;44682;campos dos goytacazes;rio de janeiro;45731485,46
44621;44682;carapebus;rio de janeiro;87519,29
44621;44682;casimiro de abreu;rio de janeiro;1791612,534
44621;44682;guapimirim;rio de janeiro;121825263
44621;44682;macae;rio de janeiro;1123376,64
44621;44682;mage;rio de janeiro;186499139,7
44621;44682;marica;rio de janeiro;264347702,8
44621;44682;niteroi;rio de janeiro;152507007,7
44621;44682;quissama;rio de janeiro;2539195
44621;44682;rio das ostras;rio de janeiro;4476293,56
44621;44682;rio de janeiro;rio de janeiro;46585482,7
44621;44682;sao goncalo;rio de janeiro;219715330,1
44621;44682;sao joao da barra;rio de janeiro;13756825,14
44621;44682;saquarema;rio de janeiro;41511,44
44621;44682;caraguatatuba;sao paulo;161302,42
44621;44682;iguape;sao paulo;212325,74
44621;44682;ilhabela;sao paulo;93708242,47
44621;44682;peruibe;sao paulo;94511,35
44621;44682;ubatuba;sao paulo;51891,07
44713;44774;coari;amazonas;6170556,48
44713;44774;tefe;amazonas;123792,08
44713;44774;itapemirim;espirito santo;12179601,32
44713;44774;marataizes;espirito santo;14240306,41
44713;44774;piuma;espirito santo;121779,08
44713;44774;presidente kennedy;espirito santo;16895630,89
44713;44774;araruama;rio de janeiro;86586,74
44713;44774;armacao dos buzios;rio de janeiro;1097405,21
44713;44774;arraial do cabo;rio de janeiro;133282,78
44713;44774;cabo frio;rio de janeiro;7320644,32
44713;44774;campos dos goytacazes;rio de janeiro;45488808,68
44713;44774;carapebus;rio de janeiro;230896,79
44713;44774;casimiro de abreu;rio de janeiro;1753644,93
44713;44774;macae;rio de janeiro;2920763,28
44713;44774;marica;rio de janeiro;517745789,5
44713;44774;niteroi;rio de janeiro;431932523,7
44713;44774;quissama;rio de janeiro;2491274,5
44713;44774;rio das ostras;rio de janeiro;6510722,22
44713;44774;rio de janeiro;rio de janeiro;81477373,17
44713;44774;sao joao da barra;rio de janeiro;11807655,36
44713;44774;saquarema;rio de janeiro;36078,06
44713;44774;caraguatatuba;sao paulo;188458,44
44713;44774;iguape;sao paulo;248071,78
44713;44774;ilhabela;sao paulo;88170265,42
44713;44774;peruibe;sao paulo;110422,78
44713;44774;ubatuba;sao paulo;60627,17
44805;44866;coari;amazonas;4196408,42
44805;44866;tefe;amazonas;47670,44
44805;44866;itapemirim;espirito santo;8783746,91
44805;44866;marataizes;espirito santo;10269896,67
44805;44866;piuma;espirito santo;87825,25
44805;44866;presidente kennedy;espirito santo;13275885,43
44805;44866;araruama;rio de janeiro;60427,99
44805;44866;armacao dos buzios;rio de janeiro;903551,49
44805;44866;arraial do cabo;rio de janeiro;93016,68
44805;44866;cabo frio;rio de janeiro;5986527,65
44805;44866;campos dos goytacazes;rio de janeiro;35276281,58
44805;44866;carapebus;rio de janeiro;37989,43
44805;44866;casimiro de abreu;rio de janeiro;1327750,98
44805;44866;macae;rio de janeiro;796590,5
44805;44866;marica;rio de janeiro;438999410,4
44805;44866;niteroi;rio de janeiro;366290185,8
44805;44866;quissama;rio de janeiro;1540133,22
44805;44866;rio das ostras;rio de janeiro;3359064,32
44805;44866;rio de janeiro;rio de janeiro;68842968,41
44805;44866;sao joao da barra;rio de janeiro;10761824,31
44805;44866;saquarema;rio de janeiro;25178,52
44805;44866;caraguatatuba;sao paulo;60648,01
44805;44866;iguape;sao paulo;116521,34
44805;44866;ilha comprida;sao paulo;478607,26
44805;44866;ilhabela;sao paulo;47110827,97
44805;44866;peruibe;sao paulo;35535,27
44805;44866;ubatuba;sao paulo;19510,5
44896;44958;coari;amazonas;3103510,2
44896;44958;tefe;amazonas;66208,28
44896;44958;itapemirim;espirito santo;7903080,75
44896;44958;marataizes;espirito santo;9226675,52
44896;44958;piuma;espirito santo;79505,68
44896;44958;presidente kennedy;espirito santo;11272466,62
44896;44958;trizidela do vale;maranhao;433332,94
44896;44958;araruama;rio de janeiro;43173,59
44896;44958;armacao dos buzios;rio de janeiro;652451,46
44896;44958;arraial do cabo;rio de janeiro;81738,72
44896;44958;cabo frio;rio de janeiro;4342493,98
44896;44958;campos dos goytacazes;rio de janeiro;29961681,93
44896;44958;carapebus;rio de janeiro;124424,1
44896;44958;casimiro de abreu;rio de janeiro;1215286,29
44896;44958;macae;rio de janeiro;1581626,12
44896;44958;marica;rio de janeiro;380640841,7
44896;44958;niteroi;rio de janeiro;311640462,6
44896;44958;parati;rio de janeiro;92968,28
44896;44958;quissama;rio de janeiro;1373684,61
44896;44958;rio das ostras;rio de janeiro;3884173,86
44896;44958;rio de janeiro;rio de janeiro;58485077,88
44896;44958;sao joao da barra;rio de janeiro;8306428,98
44896;44958;saquarema;rio de janeiro;17989,12
44896;44958;ilhabela;sao paulo;45801390,33
44986;45047;coari;amazonas;2606638,89
44986;45047;tefe;amazonas;49954,61
44986;45047;itapemirim;espirito santo;12569940,95
44986;45047;marataizes;espirito santo;14696688,8
44986;45047;piuma;espirito santo;125681,92
44986;45047;presidente kennedy;espirito santo;13674503,53
44986;45047;araruama;rio de janeiro;27312,53
44986;45047;armacao dos buzios;rio de janeiro;166457,83
44986;45047;arraial do cabo;rio de janeiro;42042,11
44986;45047;cabo frio;rio de janeiro;1222814,93
44986;45047;campos dos goytacazes;rio de janeiro;14763911,36
44986;45047;carapebus;rio de janeiro;93465,16
44986;45047;casimiro de abreu;rio de janeiro;432464,52
44986;45047;macae;rio de janeiro;1246022,51
44986;45047;marica;rio de janeiro;341735271,8
44986;45047;niteroi;rio de janeiro;287108702,8
44986;45047;quissama;rio de janeiro;696116,53
44986;45047;rio das ostras;rio de janeiro;2180494,75
44986;45047;rio de janeiro;rio de janeiro;53743610,25
44986;45047;sao joao da barra;rio de janeiro;4439093,01
44986;45047;saquarema;rio de janeiro;11380,3
44986;45047;ilhabela;sao paulo;49035945,12
45078;45139;coari;amazonas;2773735,59
45078;45139;tefe;amazonas;50453,69
45078;45139;itapemirim;espirito santo;19648959,09
45078;45139;marataizes;espirito santo;22973428,29
45078;45139;piuma;espirito santo;196462,23
45078;45139;presidente kennedy;espirito santo;23022712,82
45078;45139;araruama;rio de janeiro;32128,4
45078;45139;armacao dos buzios;rio de janeiro;683765,95
45078;45139;arraial do cabo;rio de janeiro;49455,18
45078;45139;cabo frio;rio de janeiro;4491223,92
45078;45139;campos dos goytacazes;rio de janeiro;34746813,66
45078;45139;carapebus;rio de janeiro;127025,15
45078;45139;casimiro de abreu;rio de janeiro;1109038,21
45078;45139;macae;rio de janeiro;1606823,64
45078;45139;marica;rio de janeiro;413204006,8
45078;45139;niteroi;rio de janeiro;336387939,6
45078;45139;quissama;rio de janeiro;861731,07
45078;45139;rio das ostras;rio de janeiro;3821631,35
45078;45139;rio de janeiro;rio de janeiro;62972653,53
45078;45139;sao joao da barra;rio de janeiro;13550228,57
45078;45139;saquarema;rio de janeiro;13386,93
45078;45139;caraguatatuba;sao paulo;1205,54
45078;45139;iguape;sao paulo;1586,89
45078;45139;ilhabela;sao paulo;58547293,12
45078;45139;peruibe;sao paulo;706,36
45078;45139;ubatuba;sao paulo;387,83
45170;45231;coari;amazonas;3177405,56
45170;45231;tefe;amazonas;58852,1
45170;45231;itapemirim;espirito santo;15123208,96
45170;45231;marataizes;espirito santo;17681952,25
45170;45231;piuma;espirito santo;151211,03
45170;45231;presidente kennedy;espirito santo;17765144,91
45170;45231;araruama;rio de janeiro;1107,71
45170;45231;armacao dos buzios;rio de janeiro;399672,14
45170;45231;arraial do cabo;rio de janeiro;1705,1
45170;45231;cabo frio;rio de janeiro;2698232,69
45170;45231;campos dos goytacazes;rio de janeiro;28953188,8
45170;45231;carapebus;rio de janeiro;168278,17
45170;45231;casimiro de abreu;rio de janeiro;1017370,91
45170;45231;macae;rio de janeiro;2128659,77
45170;45231;marica;rio de janeiro;403326626,9
45170;45231;niteroi;rio de janeiro;337103847,7
45170;45231;quissama;rio de janeiro;113231,72
45170;45231;rio das ostras;rio de janeiro;4133649,58
45170;45231;rio de janeiro;rio de janeiro;62648776,94
45170;45231;sao joao da barra;rio de janeiro;12073526,02
45170;45231;saquarema;rio de janeiro;461,55
45170;45231;iguape;sao paulo;122038,89
45170;45231;ilha comprida;sao paulo;1591990,36
45170;45231;ilhabela;sao paulo;42147980,94
45261;45323;coari;amazonas;2698700,99
45261;45323;tefe;amazonas;50292,63
45261;45323;itapemirim;espirito santo;23891755,58
45261;45323;marataizes;espirito santo;19656812,47
45261;45323;piuma;espirito santo;158199,63
45261;45323;presidente kennedy;espirito santo;24868701,78
45261;45323;araruama;rio de janeiro;14760,61
45261;45323;armacao dos buzios;rio de janeiro;418973,56
45261;45323;arraial do cabo;rio de janeiro;22720,97
45261;45323;cabo frio;rio de janeiro;2803268,27
45261;45323;campos dos goytacazes;rio de janeiro;12418181,33
45261;45323;casimiro de abreu;rio de janeiro;766575,25
45261;45323;marica;rio de janeiro;359532031,3
45261;45323;niteroi;rio de janeiro;288318763,7
45261;45323;quissama;rio de janeiro;382940,97
45261;45323;rio das ostras;rio de janeiro;1269801,64
45261;45323;rio de janeiro;rio de janeiro;53742850,13
45261;45323;sao joao da barra;rio de janeiro;5747882,67
45261;45323;saquarema;rio de janeiro;6150,3
45261;45323;iguape;sao paulo;35072,59
45261;45323;ilhabela;sao paulo;30079555,92
45261;45323;sao sebastiao;sao paulo;30079555,92
45261;45323;ilha comprida;sao paulo;457519,85
45352;45413;coari;amazonas;2597111,57
45352;45413;tefe;amazonas;49382,75
45352;45413;itapemirim;espirito santo;14114114,4
45352;45413;marataizes;espirito santo;15191913,69
45352;45413;piuma;espirito santo;128349,88
45352;45413;presidente kennedy;espirito santo;13620167,18
45352;45413;araruama;rio de janeiro;8876,37
45352;45413;armacao dos buzios;rio de janeiro;399968,68
45352;45413;arraial do cabo;rio de janeiro;13663,38
45352;45413;cabo frio;rio de janeiro;2664207,98
45352;45413;campos dos goytacazes;rio de janeiro;7922901,07
45352;45413;carapebus;rio de janeiro;347,56
45352;45413;casimiro de abreu;rio de janeiro;749278,39
45352;45413;macae;rio de janeiro;4396,64
45352;45413;marica;rio de janeiro;370713463,3
45352;45413;niteroi;rio de janeiro;302448283,4
45352;45413;quissama;rio de janeiro;299805,78
45352;45413;rio das ostras;rio de janeiro;1239775,61
45352;45413;rio de janeiro;rio de janeiro;56321876,32
45352;45413;sao joao da barra;rio de janeiro;4054316,21
45352;45413;saquarema;rio de janeiro;3698,52
45352;45413;iguape;sao paulo;175,11
45352;45413;ilhabela;sao paulo;41480549,71
45352;45413;sao sebastiao;sao paulo;41480549,71
45352;45413;ilha comprida;sao paulo;2284,38
45444;45505;coari;amazonas;2724657,37
45444;45505;tefe;amazonas;49696,11
45444;45505;itapemirim;espirito santo;13533849,45
45444;45505;marataizes;espirito santo;15152085,03
45444;45505;piuma;espirito santo;128773,07
45444;45505;presidente kennedy;espirito santo;14307741,15
45444;45505;araruama;rio de janeiro;10058,65
45444;45505;arraial do cabo;rio de janeiro;15483,25
45444;45505;cabo frio;rio de janeiro;66256,31
45444;45505;campos dos goytacazes;rio de janeiro;8454045,71
45444;45505;casimiro de abreu;rio de janeiro;57634,17
45444;45505;marica;rio de janeiro;414797496,5
45444;45505;niteroi;rio de janeiro;341312527,2
45444;45505;quissama;rio de janeiro;256365,48
45444;45505;rio das ostras;rio de janeiro;73515,05
45444;45505;rio de janeiro;rio de janeiro;63504852,58
45444;45505;sao joao da barra;rio de janeiro;5395572,8
45444;45505;saquarema;rio de janeiro;4191,14
45444;45505;ilhabela;sao paulo;31158993,89
45444;45505;sao sebastiao;sao paulo;31158993,89
45536;45597;coari;amazonas;3126063,39
45536;45597;tefe;amazonas;54394,46
45536;45597;itapemirim;espirito santo;6576144,38
45536;45597;marataizes;espirito santo;6660648,2
45536;45597;piuma;espirito santo;55730,31
45536;45597;presidente kennedy;espirito santo;7758461,05
45536;45597;araruama;rio de janeiro;3763,53
45536;45597;armacao dos buzios;rio de janeiro;724392,14
45536;45597;arraial do cabo;rio de janeiro;377719,52
45536;45597;cabo frio;rio de janeiro;2822336,59
45536;45597;campos dos goytacazes;rio de janeiro;10187462,3
45536;45597;carapebus;rio de janeiro;9909,88
45536;45597;casimiro de abreu;rio de janeiro;572040,12
45536;45597;macae;rio de janeiro;354475,64
45536;45597;marica;rio de janeiro;399003506,1
45536;45597;niteroi;rio de janeiro;336933214,1
45536;45597;parati;rio de janeiro;2262665,41
45536;45597;quissama;rio de janeiro;198281,62
45536;45597;rio das ostras;rio de janeiro;1193671,29
45536;45597;rio de janeiro;rio de janeiro;62565372,89
45536;45597;sao joao da barra;rio de janeiro;5020872,61
45536;45597;saquarema;rio de janeiro;1568,16
45536;45597;ilhabela;sao paulo;17606092,12
45536;45597;sao sebastiao;sao paulo;17606092,12
